frame,timestamp,ear,status,drowsy_event
1,2026-10-01T20:14:20,0.2446,EYES CLOSED,0
2,2026-10-01T20:14:20,0.3099,ALERT,0
3,2026-10-01T20:14:20,0.3168,ALERT,0
4,2026-10-01T20:14:20,0.3183,ALERT,0
5,2026-10-01T20:14:20,0.3155,ALERT,0
6,2026-10-01T20:14:20,0.3172,ALERT,0
7,2026-10-01T20:14:20,0.3036,ALERT,0
8,2026-10-01T20:14:20,0.3097,ALERT,0
9,2026-10-01T20:14:20,0.3078,ALERT,0
10,2026-10-01T20:14:21,0.2595,ALERT,0
11,2026-10-01T20:14:21,0.2351,EYES CLOSED,0
12,2026-10-01T20:14:21,0.2253,EYES CLOSED,0
13,2026-10-01T20:14:21,0.2026,EYES CLOSED,0
14,2026-10-01T20:14:21,0.2011,EYES CLOSED,0
15,2026-10-01T20:14:21,0.1945,EYES CLOSED,0
16,2026-10-01T20:14:21,0.1888,EYES CLOSED,0
17,2026-10-01T20:14:21,0.1924,EYES CLOSED,0
18,2026-10-01T20:14:21,0.1752,EYES CLOSED,0
19,2026-10-01T20:14:21,0.1612,EYES CLOSED,0
20,2026-10-01T20:14:21,0.1419,EYES CLOSED,0
21,2026-10-01T20:14:21,0.1457,EYES CLOSED,0
22,2026-10-01T20:14:21,0.1303,EYES CLOSED,0
23,2026-10-01T20:14:21,0.1406,EYES CLOSED,0
24,2026-10-01T20:14:21,0.1458,EYES CLOSED,0
25,2026-10-01T20:14:21,0.1419,EYES CLOSED,0
26,2026-10-01T20:14:21,0.1430,EYES CLOSED,0
27,2026-10-01T20:14:21,0.1327,EYES CLOSED,0
28,2026-10-01T20:14:21,0.1084,EYES CLOSED,0
29,2026-10-01T20:14:21,0.1256,EYES CLOSED,0
30,2026-10-01T20:14:21,0.1081,DROWSY,1
31,2026-10-01T20:14:21,0.1260,DROWSY,0
32,2026-10-01T20:14:21,0.1180,DROWSY,0
33,2026-10-01T20:14:21,0.1391,DROWSY,0
34,2026-10-01T20:14:21,0.1427,DROWSY,0
35,2026-10-01T20:14:21,0.1569,DROWSY,0
36,2026-10-01T20:14:21,0.1427,DROWSY,0
37,2026-10-01T20:14:21,0.1555,DROWSY,0
38,2026-10-01T20:14:21,0.1755,DROWSY,0
39,2026-10-01T20:14:21,0.1775,DROWSY,0
40,2026-10-01T20:14:22,0.1698,DROWSY,0
41,2026-10-01T20:14:22,0.1882,DROWSY,0
42,2026-10-01T20:14:22,0.2076,DROWSY,0
43,2026-10-01T20:14:22,0.1923,DROWSY,0
44,2026-10-01T20:14:22,0.1935,DROWSY,0
45,2026-10-01T20:14:22,0.1884,DROWSY,0
46,2026-10-01T20:14:22,0.1946,DROWSY,0
47,2026-10-01T20:14:22,0.1961,DROWSY,0
48,2026-10-01T20:14:22,0.1952,DROWSY,0
49,2026-10-01T20:14:22,0.1889,DROWSY,0
50,2026-10-01T20:14:22,0.1878,DROWSY,0
51,2026-10-01T20:14:22,0.1925,DROWSY,0
52,2026-10-01T20:14:22,0.1944,DROWSY,0
53,2026-10-01T20:14:22,0.2002,DROWSY,0
54,2026-10-01T20:14:22,0.2004,DROWSY,0
55,2026-10-01T20:14:22,0.2001,DROWSY,0
56,2026-10-01T20:14:22,0.1999,DROWSY,0
57,2026-10-01T20:14:22,0.2068,DROWSY,0
58,2026-10-01T20:14:22,0.2001,DROWSY,0
59,2026-10-01T20:14:22,0.1469,DROWSY,0
60,2026-10-01T20:14:22,0.1042,DROWSY,0
61,2026-10-01T20:14:22,0.0980,DROWSY,0
62,2026-10-01T20:14:22,0.1076,DROWSY,0
63,2026-10-01T20:14:22,0.2064,DROWSY,0
64,2026-10-01T20:14:22,0.0000,NO FACE,0
65,2026-10-01T20:14:22,0.0000,NO FACE,0
66,2026-10-01T20:14:22,0.0000,NO FACE,0
67,2026-10-01T20:14:22,0.0000,NO FACE,0
68,2026-10-01T20:14:22,0.0000,NO FACE,0
69,2026-10-01T20:14:22,0.0000,NO FACE,0
70,2026-10-01T20:14:22,0.0000,NO FACE,0
71,2026-10-01T20:14:23,0.2811,ALERT,0
72,2026-10-01T20:14:23,0.3164,ALERT,0
73,2026-10-01T20:14:23,0.0000,NO FACE,0
74,2026-10-01T20:14:23,0.2376,EYES CLOSED,0
75,2026-10-01T20:14:23,0.0000,NO FACE,0
76,2026-10-01T20:14:23,0.0000,NO FACE,0
77,2026-10-01T20:14:23,0.0000,NO FACE,0
78,2026-10-01T20:14:23,0.0000,NO FACE,0
79,2026-10-01T20:14:23,0.0000,NO FACE,0
80,2026-10-01T20:14:23,0.0000,NO FACE,0
81,2026-10-01T20:14:23,0.0000,NO FACE,0
82,2026-10-01T20:14:23,0.0000,NO FACE,0
83,2026-10-01T20:14:23,0.0000,NO FACE,0
84,2026-10-01T20:14:23,0.0000,NO FACE,0
85,2026-10-01T20:14:23,0.0000,NO FACE,0
86,2026-10-01T20:14:23,0.0000,NO FACE,0
87,2026-10-01T20:14:23,0.0000,NO FACE,0
88,2026-10-01T20:14:23,0.0000,NO FACE,0
89,2026-10-01T20:14:23,0.0000,NO FACE,0
90,2026-10-01T20:14:23,0.0000,NO FACE,0
91,2026-10-01T20:14:23,0.0000,NO FACE,0
92,2026-10-01T20:14:23,0.0000,NO FACE,0
93,2026-10-01T20:14:23,0.0000,NO FACE,0
94,2026-10-01T20:14:23,0.0000,NO FACE,0
95,2026-10-01T20:14:23,0.0000,NO FACE,0
96,2026-10-01T20:14:23,0.0000,NO FACE,0
97,2026-10-01T20:14:23,0.0000,NO FACE,0
98,2026-10-01T20:14:23,0.0000,NO FACE,0
99,2026-10-01T20:14:23,0.0000,NO FACE,0
100,2026-10-01T20:14:24,0.0000,NO FACE,0
101,2026-10-01T20:14:24,0.0000,NO FACE,0
102,2026-10-01T20:14:24,0.0000,NO FACE,0
103,2026-10-01T20:14:24,0.0000,NO FACE,0
104,2026-10-01T20:14:24,0.0000,NO FACE,0
105,2026-10-01T20:14:24,0.0000,NO FACE,0
106,2026-10-01T20:14:24,0.0000,NO FACE,0
107,2026-10-01T20:14:24,0.0000,NO FACE,0
108,2026-10-01T20:14:24,0.0000,NO FACE,0
109,2026-10-01T20:14:24,0.0000,NO FACE,0
110,2026-10-01T20:14:24,0.0000,NO FACE,0
111,2026-10-01T20:14:24,0.2154,EYES CLOSED,0
112,2026-10-01T20:14:24,0.2663,ALERT,0
113,2026-10-01T20:14:24,0.2693,ALERT,0
114,2026-10-01T20:14:24,0.2837,ALERT,0
115,2026-10-01T20:14:24,0.2237,EYES CLOSED,0
116,2026-10-01T20:14:24,0.1810,EYES CLOSED,0
117,2026-10-01T20:14:24,0.1613,EYES CLOSED,0
118,2026-10-01T20:14:24,0.1805,EYES CLOSED,0
119,2026-10-01T20:14:24,0.1882,EYES CLOSED,0
120,2026-10-01T20:14:24,0.1550,EYES CLOSED,0
121,2026-10-01T20:14:24,0.1626,EYES CLOSED,0
122,2026-10-01T20:14:24,0.1702,EYES CLOSED,0
123,2026-10-01T20:14:24,0.1246,EYES CLOSED,0
124,2026-10-01T20:14:24,0.1152,EYES CLOSED,0
125,2026-10-01T20:14:24,0.1186,EYES CLOSED,0
126,2026-10-01T20:14:24,0.1267,EYES CLOSED,0
127,2026-10-01T20:14:24,0.1168,EYES CLOSED,0
128,2026-10-01T20:14:24,0.1267,EYES CLOSED,0
129,2026-10-01T20:14:24,0.0928,EYES CLOSED,0
130,2026-10-01T20:14:24,0.0605,EYES CLOSED,0
131,2026-10-01T20:14:25,0.0497,EYES CLOSED,0
132,2026-10-01T20:14:25,0.0770,EYES CLOSED,0
133,2026-10-01T20:14:25,0.0692,EYES CLOSED,0
134,2026-10-01T20:14:25,0.0816,DROWSY,1
135,2026-10-01T20:14:25,0.1067,DROWSY,0
136,2026-10-01T20:14:25,0.0662,DROWSY,0
137,2026-10-01T20:14:25,0.0603,DROWSY,0
138,2026-10-01T20:14:25,0.0793,DROWSY,0
139,2026-10-01T20:14:25,0.1105,DROWSY,0
140,2026-10-01T20:14:25,0.1266,DROWSY,0
141,2026-10-01T20:14:25,0.1642,DROWSY,0
142,2026-10-01T20:14:25,0.0620,DROWSY,0
143,2026-10-01T20:14:25,0.0313,DROWSY,0
144,2026-10-01T20:14:25,0.0599,DROWSY,0
145,2026-10-01T20:14:25,0.1055,DROWSY,0
146,2026-10-01T20:14:25,0.1472,DROWSY,0
147,2026-10-01T20:14:25,0.3271,ALERT,0
148,2026-10-01T20:14:25,0.2868,ALERT,0
149,2026-10-01T20:14:25,0.3010,ALERT,0
150,2026-10-01T20:14:25,0.3002,ALERT,0
151,2026-10-01T20:14:25,0.2840,ALERT,0
152,2026-10-01T20:14:25,0.3165,ALERT,0
153,2026-10-01T20:14:25,0.2950,ALERT,0
154,2026-10-01T20:14:25,0.3039,ALERT,0
155,2026-10-01T20:14:25,0.2721,ALERT,0
156,2026-10-01T20:14:25,0.2474,EYES CLOSED,0
157,2026-10-01T20:14:25,0.2555,ALERT,0
158,2026-10-01T20:14:25,0.2487,EYES CLOSED,0
159,2026-10-01T20:14:25,0.2572,ALERT,0
160,2026-10-01T20:14:26,0.2602,ALERT,0
161,2026-10-01T20:14:26,0.2556,ALERT,0
162,2026-10-01T20:14:26,0.2346,EYES CLOSED,0
163,2026-10-01T20:14:26,0.2279,EYES CLOSED,0
164,2026-10-01T20:14:26,0.2173,EYES CLOSED,0
165,2026-10-01T20:14:26,0.2312,EYES CLOSED,0
166,2026-10-01T20:14:26,0.2297,EYES CLOSED,0
167,2026-10-01T20:14:26,0.2345,EYES CLOSED,0
168,2026-10-01T20:14:26,0.2509,ALERT,0
169,2026-10-01T20:14:26,0.2654,ALERT,0
170,2026-10-01T20:14:26,0.2656,ALERT,0
171,2026-10-01T20:14:26,0.2474,EYES CLOSED,0
172,2026-10-01T20:14:26,0.2852,ALERT,0
173,2026-10-01T20:14:26,0.2828,ALERT,0
174,2026-10-01T20:14:26,0.2883,ALERT,0
175,2026-10-01T20:14:26,0.2853,ALERT,0
176,2026-10-01T20:14:26,0.2791,ALERT,0
177,2026-10-01T20:14:26,0.2827,ALERT,0
178,2026-10-01T20:14:26,0.2871,ALERT,0
179,2026-10-01T20:14:26,0.2870,ALERT,0
180,2026-10-01T20:14:26,0.2825,ALERT,0
181,2026-10-01T20:14:26,0.2865,ALERT,0
182,2026-10-01T20:14:26,0.2859,ALERT,0
183,2026-10-01T20:14:26,0.2876,ALERT,0
184,2026-10-01T20:14:26,0.2829,ALERT,0
185,2026-10-01T20:14:26,0.2190,EYES CLOSED,0
186,2026-10-01T20:14:26,0.1281,EYES CLOSED,0
187,2026-10-01T20:14:26,0.0800,EYES CLOSED,0
188,2026-10-01T20:14:26,0.0815,EYES CLOSED,0
189,2026-10-01T20:14:26,0.1131,EYES CLOSED,0
190,2026-10-01T20:14:27,0.1457,EYES CLOSED,0
191,2026-10-01T20:14:27,0.1827,EYES CLOSED,0
192,2026-10-01T20:14:27,0.1874,EYES CLOSED,0
193,2026-10-01T20:14:27,0.2162,EYES CLOSED,0
194,2026-10-01T20:14:27,0.2134,EYES CLOSED,0
195,2026-10-01T20:14:27,0.2201,EYES CLOSED,0
196,2026-10-01T20:14:27,0.2290,EYES CLOSED,0
197,2026-10-01T20:14:27,0.2376,EYES CLOSED,0
198,2026-10-01T20:14:27,0.2381,EYES CLOSED,0
199,2026-10-01T20:14:27,0.2340,EYES CLOSED,0
200,2026-10-01T20:14:27,0.2299,EYES CLOSED,0
201,2026-10-01T20:14:27,0.2384,EYES CLOSED,0
202,2026-10-01T20:14:27,0.2284,EYES CLOSED,0
203,2026-10-01T20:14:27,0.2199,EYES CLOSED,0
204,2026-10-01T20:14:27,0.1948,DROWSY,1
205,2026-10-01T20:14:27,0.1747,DROWSY,0
206,2026-10-01T20:14:27,0.2766,ALERT,0
207,2026-10-01T20:14:27,0.2610,ALERT,0
208,2026-10-01T20:14:27,0.2694,ALERT,0
209,2026-10-01T20:14:27,0.1365,EYES CLOSED,0
210,2026-10-01T20:14:27,0.1367,EYES CLOSED,0
211,2026-10-01T20:14:27,0.2050,EYES CLOSED,0
212,2026-10-01T20:14:27,0.2440,EYES CLOSED,0
213,2026-10-01T20:14:27,0.2575,ALERT,0
214,2026-10-01T20:14:27,0.1751,EYES CLOSED,0
215,2026-10-01T20:14:27,0.2009,EYES CLOSED,0
216,2026-10-01T20:14:27,0.2374,EYES CLOSED,0
217,2026-10-01T20:14:27,0.2792,ALERT,0
218,2026-10-01T20:14:27,0.0000,NO FACE,0
219,2026-10-01T20:14:27,0.2576,ALERT,0
220,2026-10-01T20:14:28,0.2590,ALERT,0
221,2026-10-01T20:14:28,0.0000,NO FACE,0
222,2026-10-01T20:14:28,0.0000,NO FACE,0
223,2026-10-01T20:14:28,0.0000,NO FACE,0
224,2026-10-01T20:14:28,0.0000,NO FACE,0
225,2026-10-01T20:14:28,0.2875,ALERT,0
226,2026-10-01T20:14:28,0.2128,EYES CLOSED,0
227,2026-10-01T20:14:28,0.0000,NO FACE,0
228,2026-10-01T20:14:28,0.2946,ALERT,0
229,2026-10-01T20:14:28,0.2910,ALERT,0
230,2026-10-01T20:14:28,0.2363,EYES CLOSED,0
231,2026-10-01T20:14:28,0.2334,EYES CLOSED,0
232,2026-10-01T20:14:28,0.2544,ALERT,0
233,2026-10-01T20:14:28,0.2537,ALERT,0
234,2026-10-01T20:14:28,0.2265,EYES CLOSED,0
235,2026-10-01T20:14:28,0.2209,EYES CLOSED,0
236,2026-10-01T20:14:28,0.2208,EYES CLOSED,0
237,2026-10-01T20:14:28,0.2366,EYES CLOSED,0
238,2026-10-01T20:14:28,0.2487,EYES CLOSED,0
239,2026-10-01T20:14:28,0.2760,ALERT,0
240,2026-10-01T20:14:28,0.1862,EYES CLOSED,0
241,2026-10-01T20:14:28,0.2214,EYES CLOSED,0
242,2026-10-01T20:14:28,0.2292,EYES CLOSED,0
243,2026-10-01T20:14:28,0.2316,EYES CLOSED,0
244,2026-10-01T20:14:28,0.1768,EYES CLOSED,0
245,2026-10-01T20:14:28,0.2950,ALERT,0
246,2026-10-01T20:14:28,0.2068,EYES CLOSED,0
247,2026-10-01T20:14:28,0.2016,EYES CLOSED,0
248,2026-10-01T20:14:28,0.2041,EYES CLOSED,0
249,2026-10-01T20:14:28,0.2058,EYES CLOSED,0
250,2026-10-01T20:14:28,0.2116,EYES CLOSED,0
251,2026-10-01T20:14:29,0.2154,EYES CLOSED,0
252,2026-10-01T20:14:29,0.2206,EYES CLOSED,0
253,2026-10-01T20:14:29,0.2302,EYES CLOSED,0
254,2026-10-01T20:14:29,0.2113,EYES CLOSED,0
255,2026-10-01T20:14:29,0.2143,EYES CLOSED,0
256,2026-10-01T20:14:29,0.2165,EYES CLOSED,0
257,2026-10-01T20:14:29,0.2278,EYES CLOSED,0
258,2026-10-01T20:14:29,0.2231,EYES CLOSED,0
259,2026-10-01T20:14:29,0.2225,EYES CLOSED,0
260,2026-10-01T20:14:29,0.2238,EYES CLOSED,0
261,2026-10-01T20:14:29,0.2222,EYES CLOSED,0
262,2026-10-01T20:14:29,0.2203,EYES CLOSED,0
263,2026-10-01T20:14:29,0.2200,EYES CLOSED,0
264,2026-10-01T20:14:29,0.2269,EYES CLOSED,0
265,2026-10-01T20:14:29,0.2287,DROWSY,1
266,2026-10-01T20:14:29,0.2475,DROWSY,0
267,2026-10-01T20:14:29,0.2405,DROWSY,0
268,2026-10-01T20:14:29,0.2403,DROWSY,0
269,2026-10-01T20:14:29,0.2402,DROWSY,0
270,2026-10-01T20:14:29,0.2396,DROWSY,0
271,2026-10-01T20:14:29,0.2303,DROWSY,0
272,2026-10-01T20:14:29,0.2166,DROWSY,0
273,2026-10-01T20:14:29,0.2069,DROWSY,0
274,2026-10-01T20:14:29,0.2136,DROWSY,0
275,2026-10-01T20:14:29,0.2207,DROWSY,0
276,2026-10-01T20:14:29,0.2021,DROWSY,0
277,2026-10-01T20:14:29,0.1379,DROWSY,0
278,2026-10-01T20:14:29,0.0750,DROWSY,0
279,2026-10-01T20:14:29,0.1270,DROWSY,0
280,2026-10-01T20:14:30,0.1762,DROWSY,0
281,2026-10-01T20:14:30,0.1830,DROWSY,0
282,2026-10-01T20:14:30,0.1713,DROWSY,0
283,2026-10-01T20:14:30,0.0884,DROWSY,0
284,2026-10-01T20:14:30,0.1136,DROWSY,0
285,2026-10-01T20:14:30,0.1981,DROWSY,0
286,2026-10-01T20:14:30,0.2562,ALERT,0
287,2026-10-01T20:14:30,0.3156,ALERT,0
288,2026-10-01T20:14:30,0.3236,ALERT,0
289,2026-10-01T20:14:30,0.3202,ALERT,0
290,2026-10-01T20:14:30,0.3253,ALERT,0
291,2026-10-01T20:14:30,0.3250,ALERT,0
292,2026-10-01T20:14:30,0.3301,ALERT,0
293,2026-10-01T20:14:30,0.3320,ALERT,0
294,2026-10-01T20:14:30,0.3256,ALERT,0
295,2026-10-01T20:14:30,0.3178,ALERT,0
296,2026-10-01T20:14:30,0.2854,ALERT,0
297,2026-10-01T20:14:30,0.1995,EYES CLOSED,0
298,2026-10-01T20:14:30,0.1679,EYES CLOSED,0
299,2026-10-01T20:14:30,0.2045,EYES CLOSED,0
300,2026-10-01T20:14:30,0.2266,EYES CLOSED,0
301,2026-10-01T20:14:30,0.2524,ALERT,0
302,2026-10-01T20:14:30,0.2626,ALERT,0
303,2026-10-01T20:14:30,0.2840,ALERT,0
304,2026-10-01T20:14:30,0.2936,ALERT,0
305,2026-10-01T20:14:30,0.2971,ALERT,0
306,2026-10-01T20:14:30,0.2955,ALERT,0
307,2026-10-01T20:14:30,0.2893,ALERT,0
308,2026-10-01T20:14:30,0.2922,ALERT,0
309,2026-10-01T20:14:30,0.2880,ALERT,0
310,2026-10-01T20:14:30,0.2880,ALERT,0
311,2026-10-01T20:14:31,0.2871,ALERT,0
312,2026-10-01T20:14:31,0.2867,ALERT,0
313,2026-10-01T20:14:31,0.2840,ALERT,0
314,2026-10-01T20:14:31,0.2839,ALERT,0
315,2026-10-01T20:14:31,0.2804,ALERT,0
316,2026-10-01T20:14:31,0.2780,ALERT,0
317,2026-10-01T20:14:31,0.2768,ALERT,0
318,2026-10-01T20:14:31,0.2719,ALERT,0
319,2026-10-01T20:14:31,0.2705,ALERT,0
320,2026-10-01T20:14:31,0.2711,ALERT,0
321,2026-10-01T20:14:31,0.2714,ALERT,0
322,2026-10-01T20:14:31,0.2716,ALERT,0
323,2026-10-01T20:14:31,0.2716,ALERT,0
324,2026-10-01T20:14:31,0.2704,ALERT,0
325,2026-10-01T20:14:31,0.2675,ALERT,0
326,2026-10-01T20:14:31,0.2684,ALERT,0
327,2026-10-01T20:14:31,0.2655,ALERT,0
328,2026-10-01T20:14:31,0.2717,ALERT,0
329,2026-10-01T20:14:31,0.2687,ALERT,0
330,2026-10-01T20:14:31,0.2715,ALERT,0
331,2026-10-01T20:14:31,0.2709,ALERT,0
332,2026-10-01T20:14:31,0.2701,ALERT,0
333,2026-10-01T20:14:31,0.2685,ALERT,0
334,2026-10-01T20:14:31,0.2700,ALERT,0
335,2026-10-01T20:14:31,0.2690,ALERT,0
336,2026-10-01T20:14:31,0.2692,ALERT,0
337,2026-10-01T20:14:31,0.2692,ALERT,0
338,2026-10-01T20:14:31,0.2686,ALERT,0
339,2026-10-01T20:14:31,0.2669,ALERT,0
340,2026-10-01T20:14:32,0.2657,ALERT,0
341,2026-10-01T20:14:32,0.2704,ALERT,0
342,2026-10-01T20:14:32,0.2638,ALERT,0
343,2026-10-01T20:14:32,0.2094,EYES CLOSED,0
344,2026-10-01T20:14:32,0.1114,EYES CLOSED,0
345,2026-10-01T20:14:32,0.0967,EYES CLOSED,0
346,2026-10-01T20:14:32,0.0767,EYES CLOSED,0
347,2026-10-01T20:14:32,0.1189,EYES CLOSED,0
348,2026-10-01T20:14:32,0.1649,EYES CLOSED,0
349,2026-10-01T20:14:32,0.1982,EYES CLOSED,0
350,2026-10-01T20:14:32,0.2098,EYES CLOSED,0
351,2026-10-01T20:14:32,0.2190,EYES CLOSED,0
352,2026-10-01T20:14:32,0.2254,EYES CLOSED,0
353,2026-10-01T20:14:32,0.2277,EYES CLOSED,0
354,2026-10-01T20:14:32,0.2356,EYES CLOSED,0
355,2026-10-01T20:14:32,0.2449,EYES CLOSED,0
356,2026-10-01T20:14:32,0.2471,EYES CLOSED,0
357,2026-10-01T20:14:32,0.2489,EYES CLOSED,0
358,2026-10-01T20:14:32,0.2588,ALERT,0
359,2026-10-01T20:14:32,0.2625,ALERT,0
360,2026-10-01T20:14:32,0.2724,ALERT,0
361,2026-10-01T20:14:32,0.2819,ALERT,0
362,2026-10-01T20:14:32,0.2795,ALERT,0
363,2026-10-01T20:14:32,0.2747,ALERT,0
364,2026-10-01T20:14:32,0.2690,ALERT,0
365,2026-10-01T20:14:32,0.2661,ALERT,0
366,2026-10-01T20:14:32,0.2583,ALERT,0
367,2026-10-01T20:14:32,0.2563,ALERT,0
368,2026-10-01T20:14:32,0.2507,ALERT,0
369,2026-10-01T20:14:32,0.2522,ALERT,0
370,2026-10-01T20:14:33,0.2529,ALERT,0
371,2026-10-01T20:14:33,0.2534,ALERT,0
372,2026-10-01T20:14:33,0.2537,ALERT,0
373,2026-10-01T20:14:33,0.2529,ALERT,0
374,2026-10-01T20:14:33,0.2529,ALERT,0
375,2026-10-01T20:14:33,0.2546,ALERT,0
376,2026-10-01T20:14:33,0.2530,ALERT,0
377,2026-10-01T20:14:33,0.2556,ALERT,0
378,2026-10-01T20:14:33,0.2512,ALERT,0
379,2026-10-01T20:14:33,0.2490,EYES CLOSED,0
380,2026-10-01T20:14:33,0.2448,EYES CLOSED,0
381,2026-10-01T20:14:33,0.2548,ALERT,0
382,2026-10-01T20:14:33,0.2556,ALERT,0
383,2026-10-01T20:14:33,0.2585,ALERT,0
384,2026-10-01T20:14:33,0.2583,ALERT,0
385,2026-10-01T20:14:33,0.2606,ALERT,0
386,2026-10-01T20:14:33,0.2630,ALERT,0
387,2026-10-01T20:14:33,0.2619,ALERT,0
388,2026-10-01T20:14:33,0.2599,ALERT,0
389,2026-10-01T20:14:33,0.2619,ALERT,0
390,2026-10-01T20:14:33,0.2657,ALERT,0
391,2026-10-01T20:14:33,0.2633,ALERT,0
392,2026-10-01T20:14:33,0.2601,ALERT,0
393,2026-10-01T20:14:33,0.2561,ALERT,0
394,2026-10-01T20:14:33,0.2549,ALERT,0
395,2026-10-01T20:14:33,0.2596,ALERT,0
396,2026-10-01T20:14:33,0.2591,ALERT,0
397,2026-10-01T20:14:33,0.2627,ALERT,0
398,2026-10-01T20:14:33,0.2640,ALERT,0
399,2026-10-01T20:14:33,0.2641,ALERT,0
400,2026-10-01T20:14:34,0.2642,ALERT,0
401,2026-10-01T20:14:34,0.2638,ALERT,0
402,2026-10-01T20:14:34,0.2684,ALERT,0
403,2026-10-01T20:14:34,0.2647,ALERT,0
404,2026-10-01T20:14:34,0.2703,ALERT,0
405,2026-10-01T20:14:34,0.2687,ALERT,0
406,2026-10-01T20:14:34,0.2659,ALERT,0
407,2026-10-01T20:14:34,0.2646,ALERT,0
408,2026-10-01T20:14:34,0.2647,ALERT,0
409,2026-10-01T20:14:34,0.2654,ALERT,0
410,2026-10-01T20:14:34,0.2648,ALERT,0
411,2026-10-01T20:14:34,0.2628,ALERT,0
412,2026-10-01T20:14:34,0.2629,ALERT,0
413,2026-10-01T20:14:34,0.2662,ALERT,0
414,2026-10-01T20:14:34,0.2644,ALERT,0
415,2026-10-01T20:14:34,0.2687,ALERT,0
416,2026-10-01T20:14:34,0.2682,ALERT,0
417,2026-10-01T20:14:34,0.2686,ALERT,0
418,2026-10-01T20:14:34,0.2734,ALERT,0
419,2026-10-01T20:14:34,0.2706,ALERT,0
420,2026-10-01T20:14:34,0.2700,ALERT,0
421,2026-10-01T20:14:34,0.2684,ALERT,0
422,2026-10-01T20:14:34,0.2651,ALERT,0
423,2026-10-01T20:14:34,0.2722,ALERT,0
424,2026-10-01T20:14:34,0.2811,ALERT,0
425,2026-10-01T20:14:34,0.2786,ALERT,0
426,2026-10-01T20:14:34,0.2684,ALERT,0
427,2026-10-01T20:14:34,0.2709,ALERT,0
428,2026-10-01T20:14:34,0.2744,ALERT,0
429,2026-10-01T20:14:34,0.2735,ALERT,0
430,2026-10-01T20:14:35,0.2736,ALERT,0
431,2026-10-01T20:14:35,0.2730,ALERT,0
432,2026-10-01T20:14:35,0.2730,ALERT,0
433,2026-10-01T20:14:35,0.2753,ALERT,0
434,2026-10-01T20:14:35,0.2686,ALERT,0
435,2026-10-01T20:14:35,0.2746,ALERT,0
436,2026-10-01T20:14:35,0.2731,ALERT,0
437,2026-10-01T20:14:35,0.2749,ALERT,0
438,2026-10-01T20:14:35,0.2750,ALERT,0
439,2026-10-01T20:14:35,0.2751,ALERT,0
440,2026-10-01T20:14:35,0.2732,ALERT,0
441,2026-10-01T20:14:35,0.2731,ALERT,0
442,2026-10-01T20:14:35,0.2730,ALERT,0
443,2026-10-01T20:14:35,0.2735,ALERT,0
444,2026-10-01T20:14:35,0.2496,EYES CLOSED,0
445,2026-10-01T20:14:35,0.1007,EYES CLOSED,0
446,2026-10-01T20:14:35,0.0361,EYES CLOSED,0
447,2026-10-01T20:14:35,0.0232,EYES CLOSED,0
448,2026-10-01T20:14:35,0.0203,EYES CLOSED,0
449,2026-10-01T20:14:35,0.0247,EYES CLOSED,0
450,2026-10-01T20:14:35,0.0510,EYES CLOSED,0
451,2026-10-01T20:14:35,0.0499,EYES CLOSED,0
452,2026-10-01T20:14:35,0.0509,EYES CLOSED,0
453,2026-10-01T20:14:35,0.0955,EYES CLOSED,0
454,2026-10-01T20:14:35,0.1286,EYES CLOSED,0
455,2026-10-01T20:14:35,0.1544,EYES CLOSED,0
456,2026-10-01T20:14:35,0.1474,EYES CLOSED,0
457,2026-10-01T20:14:35,0.1219,EYES CLOSED,0
458,2026-10-01T20:14:35,0.0683,EYES CLOSED,0
459,2026-10-01T20:14:35,0.0554,EYES CLOSED,0
460,2026-10-01T20:14:36,0.0379,EYES CLOSED,0
461,2026-10-01T20:14:36,0.0380,EYES CLOSED,0
462,2026-10-01T20:14:36,0.0339,EYES CLOSED,0
463,2026-10-01T20:14:36,0.0333,DROWSY,1
464,2026-10-01T20:14:36,0.0296,DROWSY,0
465,2026-10-01T20:14:36,0.0329,DROWSY,0
466,2026-10-01T20:14:36,0.0345,DROWSY,0
467,2026-10-01T20:14:36,0.0375,DROWSY,0
468,2026-10-01T20:14:36,0.0318,DROWSY,0
469,2026-10-01T20:14:36,0.0317,DROWSY,0
470,2026-10-01T20:14:36,0.0253,DROWSY,0
471,2026-10-01T20:14:36,0.0343,DROWSY,0
472,2026-10-01T20:14:36,0.0265,DROWSY,0
473,2026-10-01T20:14:36,0.0264,DROWSY,0
474,2026-10-01T20:14:36,0.0272,DROWSY,0
475,2026-10-01T20:14:36,0.0285,DROWSY,0
476,2026-10-01T20:14:36,0.0291,DROWSY,0
477,2026-10-01T20:14:36,0.0290,DROWSY,0
478,2026-10-01T20:14:36,0.0358,DROWSY,0
479,2026-10-01T20:14:36,0.0316,DROWSY,0
480,2026-10-01T20:14:36,0.0368,DROWSY,0
481,2026-10-01T20:14:36,0.0247,DROWSY,0
482,2026-10-01T20:14:36,0.0425,DROWSY,0
483,2026-10-01T20:14:36,0.1172,DROWSY,0
484,2026-10-01T20:14:36,0.1213,DROWSY,0
485,2026-10-01T20:14:36,0.1921,DROWSY,0
486,2026-10-01T20:14:36,0.3217,ALERT,0
487,2026-10-01T20:14:36,0.3184,ALERT,0
488,2026-10-01T20:14:36,0.3078,ALERT,0
489,2026-10-01T20:14:36,0.3119,ALERT,0
490,2026-10-01T20:14:36,0.3092,ALERT,0
491,2026-10-01T20:14:37,0.3078,ALERT,0
492,2026-10-01T20:14:37,0.3008,ALERT,0
493,2026-10-01T20:14:37,0.2807,ALERT,0
494,2026-10-01T20:14:37,0.3377,ALERT,0
495,2026-10-01T20:14:37,0.3570,ALERT,0
496,2026-10-01T20:14:37,0.3606,ALERT,0
497,2026-10-01T20:14:37,0.3390,ALERT,0
498,2026-10-01T20:14:37,0.2962,ALERT,0
499,2026-10-01T20:14:37,0.1659,EYES CLOSED,0
500,2026-10-01T20:14:37,0.0903,EYES CLOSED,0
501,2026-10-01T20:14:37,0.0995,EYES CLOSED,0
502,2026-10-01T20:14:37,0.1611,EYES CLOSED,0
503,2026-10-01T20:14:37,0.2049,EYES CLOSED,0
504,2026-10-01T20:14:37,0.2209,EYES CLOSED,0
505,2026-10-01T20:14:37,0.0911,EYES CLOSED,0
506,2026-10-01T20:14:37,0.0802,EYES CLOSED,0
507,2026-10-01T20:14:37,0.0623,EYES CLOSED,0
508,2026-10-01T20:14:37,0.1259,EYES CLOSED,0
509,2026-10-01T20:14:37,0.1550,EYES CLOSED,0
510,2026-10-01T20:14:37,0.1631,EYES CLOSED,0
511,2026-10-01T20:14:37,0.0964,EYES CLOSED,0
512,2026-10-01T20:14:37,0.0526,EYES CLOSED,0
513,2026-10-01T20:14:37,0.0767,EYES CLOSED,0
514,2026-10-01T20:14:37,0.0554,EYES CLOSED,0
515,2026-10-01T20:14:37,0.1177,EYES CLOSED,0
516,2026-10-01T20:14:37,0.1838,EYES CLOSED,0
517,2026-10-01T20:14:37,0.0000,NO FACE,0
518,2026-10-01T20:14:37,0.2484,EYES CLOSED,0
519,2026-10-01T20:14:37,0.2364,DROWSY,1
520,2026-10-01T20:14:38,0.0000,NO FACE,0
521,2026-10-01T20:14:38,0.0000,NO FACE,0
522,2026-10-01T20:14:38,0.0000,NO FACE,0
523,2026-10-01T20:14:38,0.0000,NO FACE,0
524,2026-10-01T20:14:38,0.0000,NO FACE,0
525,2026-10-01T20:14:38,0.0000,NO FACE,0
526,2026-10-01T20:14:38,0.0000,NO FACE,0
527,2026-10-01T20:14:38,0.0000,NO FACE,0
528,2026-10-01T20:14:38,0.0000,NO FACE,0
529,2026-10-01T20:14:38,0.0000,NO FACE,0
530,2026-10-01T20:14:38,0.0000,NO FACE,0
531,2026-10-01T20:14:38,0.0000,NO FACE,0
532,2026-10-01T20:14:38,0.0000,NO FACE,0
533,2026-10-01T20:14:38,0.0000,NO FACE,0
534,2026-10-01T20:14:38,0.0000,NO FACE,0
535,2026-10-01T20:14:38,0.0000,NO FACE,0
536,2026-10-01T20:14:38,0.0000,NO FACE,0
537,2026-10-01T20:14:38,0.0000,NO FACE,0
538,2026-10-01T20:14:38,0.0000,NO FACE,0
539,2026-10-01T20:14:38,0.0000,NO FACE,0
540,2026-10-01T20:14:38,0.0000,NO FACE,0
541,2026-10-01T20:14:38,0.0000,NO FACE,0
542,2026-10-01T20:14:38,0.0000,NO FACE,0
543,2026-10-01T20:14:38,0.0000,NO FACE,0
544,2026-10-01T20:14:38,0.0000,NO FACE,0
545,2026-10-01T20:14:38,0.0000,NO FACE,0
546,2026-10-01T20:14:38,0.0000,NO FACE,0
547,2026-10-01T20:14:38,0.0000,NO FACE,0
548,2026-10-01T20:14:38,0.0000,NO FACE,0
549,2026-10-01T20:14:38,0.0000,NO FACE,0
550,2026-10-01T20:14:39,0.0000,NO FACE,0
551,2026-10-01T20:14:39,0.0000,NO FACE,0
552,2026-10-01T20:14:39,0.0000,NO FACE,0
553,2026-10-01T20:14:39,0.0000,NO FACE,0
554,2026-10-01T20:14:39,0.0000,NO FACE,0
555,2026-10-01T20:14:39,0.0000,NO FACE,0
556,2026-10-01T20:14:39,0.0000,NO FACE,0
557,2026-10-01T20:14:39,0.0000,NO FACE,0
558,2026-10-01T20:14:39,0.0000,NO FACE,0
559,2026-10-01T20:14:39,0.0000,NO FACE,0
560,2026-10-01T20:14:39,0.0000,NO FACE,0
561,2026-10-01T20:14:39,0.0000,NO FACE,0
562,2026-10-01T20:14:39,0.0000,NO FACE,0
563,2026-10-01T20:14:39,0.0000,NO FACE,0
564,2026-10-01T20:14:39,0.0000,NO FACE,0
565,2026-10-01T20:14:39,0.0000,NO FACE,0
566,2026-10-01T20:14:39,0.0000,NO FACE,0
567,2026-10-01T20:14:39,0.0000,NO FACE,0
568,2026-10-01T20:14:39,0.0000,NO FACE,0
569,2026-10-01T20:14:39,0.0000,NO FACE,0
570,2026-10-01T20:14:39,0.0000,NO FACE,0
571,2026-10-01T20:14:39,0.0000,NO FACE,0
572,2026-10-01T20:14:39,0.0000,NO FACE,0
573,2026-10-01T20:14:39,0.0000,NO FACE,0
574,2026-10-01T20:14:39,0.0000,NO FACE,0
575,2026-10-01T20:14:39,0.0000,NO FACE,0
576,2026-10-01T20:14:39,0.0000,NO FACE,0
577,2026-10-01T20:14:39,0.0000,NO FACE,0
578,2026-10-01T20:14:39,0.0000,NO FACE,0
579,2026-10-01T20:14:39,0.0000,NO FACE,0
580,2026-10-01T20:14:40,0.0000,NO FACE,0
581,2026-10-01T20:14:40,0.0000,NO FACE,0
582,2026-10-01T20:14:40,0.0000,NO FACE,0
583,2026-10-01T20:14:40,0.0000,NO FACE,0
584,2026-10-01T20:14:40,0.0000,NO FACE,0
585,2026-10-01T20:14:40,0.0000,NO FACE,0
586,2026-10-01T20:14:40,0.0000,NO FACE,0
587,2026-10-01T20:14:40,0.0000,NO FACE,0
588,2026-10-01T20:14:40,0.0000,NO FACE,0
589,2026-10-01T20:14:40,0.0000,NO FACE,0
590,2026-10-01T20:14:40,0.1521,DROWSY,0
591,2026-10-01T20:14:40,0.1460,DROWSY,0
592,2026-10-01T20:14:40,0.1423,DROWSY,0
593,2026-10-01T20:14:40,0.1740,DROWSY,0
594,2026-10-01T20:14:40,0.1661,DROWSY,0
595,2026-10-01T20:14:40,0.1667,DROWSY,0
596,2026-10-01T20:14:40,0.1029,DROWSY,0
597,2026-10-01T20:14:40,0.1211,DROWSY,0
598,2026-10-01T20:14:40,0.0895,DROWSY,0
599,2026-10-01T20:14:40,0.0926,DROWSY,0
600,2026-10-01T20:14:40,0.1488,DROWSY,0
601,2026-10-01T20:14:40,0.1512,DROWSY,0
602,2026-10-01T20:14:40,0.1057,DROWSY,0
603,2026-10-01T20:14:40,0.1138,DROWSY,0
604,2026-10-01T20:14:40,0.0631,DROWSY,0
605,2026-10-01T20:14:40,0.0809,DROWSY,0
606,2026-10-01T20:14:40,0.0795,DROWSY,0
607,2026-10-01T20:14:40,0.0523,DROWSY,0
608,2026-10-01T20:14:40,0.0455,DROWSY,0
609,2026-10-01T20:14:40,0.0611,DROWSY,0
610,2026-10-01T20:14:41,0.0783,DROWSY,0
611,2026-10-01T20:14:41,0.0807,DROWSY,0
612,2026-10-01T20:14:41,0.1094,DROWSY,0
613,2026-10-01T20:14:41,0.1360,DROWSY,0
614,2026-10-01T20:14:41,0.1405,DROWSY,0
615,2026-10-01T20:14:41,0.1033,DROWSY,0
616,2026-10-01T20:14:41,0.1259,DROWSY,0
617,2026-10-01T20:14:41,0.1270,DROWSY,0
618,2026-10-01T20:14:41,0.1144,DROWSY,0
619,2026-10-01T20:14:41,0.1591,DROWSY,0
620,2026-10-01T20:14:41,0.2175,DROWSY,0
621,2026-10-01T20:14:41,0.2232,DROWSY,0
622,2026-10-01T20:14:41,0.1693,DROWSY,0
623,2026-10-01T20:14:41,0.0899,DROWSY,0
624,2026-10-01T20:14:41,0.1497,DROWSY,0
625,2026-10-01T20:14:41,0.1311,DROWSY,0
626,2026-10-01T20:14:41,0.1301,DROWSY,0
627,2026-10-01T20:14:41,0.1060,DROWSY,0
628,2026-10-01T20:14:41,0.1579,DROWSY,0
629,2026-10-01T20:14:41,0.1730,DROWSY,0
630,2026-10-01T20:14:41,0.1907,DROWSY,0
631,2026-10-01T20:14:41,0.1598,DROWSY,0
632,2026-10-01T20:14:41,0.1918,DROWSY,0
633,2026-10-01T20:14:41,0.1833,DROWSY,0
634,2026-10-01T20:14:41,0.1847,DROWSY,0
635,2026-10-01T20:14:41,0.2075,DROWSY,0
636,2026-10-01T20:14:41,0.2100,DROWSY,0
637,2026-10-01T20:14:41,0.2049,DROWSY,0
638,2026-10-01T20:14:41,0.2126,DROWSY,0
639,2026-10-01T20:14:41,0.1984,DROWSY,0
640,2026-10-01T20:14:42,0.1952,DROWSY,0
641,2026-10-01T20:14:42,0.2072,DROWSY,0
642,2026-10-01T20:14:42,0.2175,DROWSY,0
643,2026-10-01T20:14:42,0.2152,DROWSY,0
644,2026-10-01T20:14:42,0.2216,DROWSY,0
645,2026-10-01T20:14:42,0.2272,DROWSY,0
646,2026-10-01T20:14:42,0.2194,DROWSY,0
647,2026-10-01T20:14:42,0.2167,DROWSY,0
648,2026-10-01T20:14:42,0.2376,DROWSY,0
649,2026-10-01T20:14:42,0.2448,DROWSY,0
650,2026-10-01T20:14:42,0.2404,DROWSY,0
651,2026-10-01T20:14:42,0.2324,DROWSY,0
652,2026-10-01T20:14:42,0.2319,DROWSY,0
653,2026-10-01T20:14:42,0.2330,DROWSY,0
654,2026-10-01T20:14:42,0.2336,DROWSY,0
655,2026-10-01T20:14:42,0.2342,DROWSY,0
656,2026-10-01T20:14:42,0.2330,DROWSY,0
657,2026-10-01T20:14:42,0.2415,DROWSY,0
658,2026-10-01T20:14:42,0.2480,DROWSY,0
659,2026-10-01T20:14:42,0.2565,ALERT,0
660,2026-10-01T20:14:42,0.2458,EYES CLOSED,0
661,2026-10-01T20:14:42,0.2461,EYES CLOSED,0
662,2026-10-01T20:14:42,0.2480,EYES CLOSED,0
663,2026-10-01T20:14:42,0.2537,ALERT,0
664,2026-10-01T20:14:42,0.2516,ALERT,0
665,2026-10-01T20:14:42,0.2503,ALERT,0
666,2026-10-01T20:14:42,0.2507,ALERT,0
667,2026-10-01T20:14:42,0.2476,EYES CLOSED,0
668,2026-10-01T20:14:42,0.2507,ALERT,0
669,2026-10-01T20:14:42,0.2530,ALERT,0
670,2026-10-01T20:14:43,0.2541,ALERT,0
671,2026-10-01T20:14:43,0.2568,ALERT,0
672,2026-10-01T20:14:43,0.0645,EYES CLOSED,0
673,2026-10-01T20:14:43,0.0229,EYES CLOSED,0
674,2026-10-01T20:14:43,0.0233,EYES CLOSED,0
675,2026-10-01T20:14:43,0.0415,EYES CLOSED,0
676,2026-10-01T20:14:43,0.0753,EYES CLOSED,0
677,2026-10-01T20:14:43,0.0917,EYES CLOSED,0
678,2026-10-01T20:14:43,0.0984,EYES CLOSED,0
679,2026-10-01T20:14:43,0.1110,EYES CLOSED,0
680,2026-10-01T20:14:43,0.1293,EYES CLOSED,0
681,2026-10-01T20:14:43,0.1384,EYES CLOSED,0
682,2026-10-01T20:14:43,0.1391,EYES CLOSED,0
683,2026-10-01T20:14:43,0.1668,EYES CLOSED,0
684,2026-10-01T20:14:43,0.2608,ALERT,0
685,2026-10-01T20:14:43,0.2817,ALERT,0
686,2026-10-01T20:14:43,0.2732,ALERT,0
687,2026-10-01T20:14:43,0.2731,ALERT,0
688,2026-10-01T20:14:43,0.2765,ALERT,0
689,2026-10-01T20:14:43,0.2732,ALERT,0
690,2026-10-01T20:14:43,0.2820,ALERT,0
691,2026-10-01T20:14:43,0.2809,ALERT,0
692,2026-10-01T20:14:43,0.2830,ALERT,0
693,2026-10-01T20:14:43,0.2890,ALERT,0
694,2026-10-01T20:14:44,0.2928,ALERT,0
695,2026-10-01T20:14:44,0.2970,ALERT,0
696,2026-10-01T20:14:44,0.3030,ALERT,0
697,2026-10-01T20:14:44,0.2909,ALERT,0
698,2026-10-01T20:14:44,0.2945,ALERT,0
699,2026-10-01T20:14:44,0.2916,ALERT,0
700,2026-10-01T20:14:44,0.2880,ALERT,0
701,2026-10-01T20:14:44,0.2928,ALERT,0
702,2026-10-01T20:14:44,0.2973,ALERT,0
703,2026-10-01T20:14:44,0.2912,ALERT,0
704,2026-10-01T20:14:44,0.2966,ALERT,0
705,2026-10-01T20:14:44,0.2885,ALERT,0
706,2026-10-01T20:14:44,0.2910,ALERT,0
707,2026-10-01T20:14:44,0.2833,ALERT,0
708,2026-10-01T20:14:44,0.2951,ALERT,0
709,2026-10-01T20:14:44,0.3064,ALERT,0
710,2026-10-01T20:14:44,0.3072,ALERT,0
711,2026-10-01T20:14:44,0.3074,ALERT,0
712,2026-10-01T20:14:44,0.3092,ALERT,0
713,2026-10-01T20:14:44,0.3157,ALERT,0
714,2026-10-01T20:14:44,0.3192,ALERT,0
715,2026-10-01T20:14:44,0.3194,ALERT,0
716,2026-10-01T20:14:44,0.3182,ALERT,0
717,2026-10-01T20:14:44,0.3148,ALERT,0
718,2026-10-01T20:14:44,0.3221,ALERT,0
719,2026-10-01T20:14:45,0.3196,ALERT,0
720,2026-10-01T20:14:45,0.3157,ALERT,0
721,2026-10-01T20:14:45,0.3191,ALERT,0
722,2026-10-01T20:14:45,0.3181,ALERT,0
723,2026-10-01T20:14:45,0.3215,ALERT,0
724,2026-10-01T20:14:45,0.3240,ALERT,0
725,2026-10-01T20:14:45,0.3210,ALERT,0
726,2026-10-01T20:14:45,0.3173,ALERT,0
727,2026-10-01T20:14:45,0.3203,ALERT,0
728,2026-10-01T20:14:45,0.3344,ALERT,0
729,2026-10-01T20:14:45,0.3110,ALERT,0
730,2026-10-01T20:14:45,0.0691,EYES CLOSED,0
731,2026-10-01T20:14:45,0.0336,EYES CLOSED,0
732,2026-10-01T20:14:45,0.0490,EYES CLOSED,0
733,2026-10-01T20:14:45,0.0414,EYES CLOSED,0
734,2026-10-01T20:14:45,0.0430,EYES CLOSED,0
735,2026-10-01T20:14:45,0.0676,EYES CLOSED,0
736,2026-10-01T20:14:45,0.0851,EYES CLOSED,0
737,2026-10-01T20:14:45,0.0941,EYES CLOSED,0
738,2026-10-01T20:14:45,0.1017,EYES CLOSED,0
739,2026-10-01T20:14:45,0.1128,EYES CLOSED,0
740,2026-10-01T20:14:45,0.1283,EYES CLOSED,0
741,2026-10-01T20:14:45,0.1268,EYES CLOSED,0
742,2026-10-01T20:14:45,0.1376,EYES CLOSED,0
743,2026-10-01T20:14:45,0.1258,EYES CLOSED,0
744,2026-10-01T20:14:45,0.1182,EYES CLOSED,0
745,2026-10-01T20:14:45,0.1148,EYES CLOSED,0
746,2026-10-01T20:14:45,0.1159,EYES CLOSED,0
747,2026-10-01T20:14:45,0.1327,EYES CLOSED,0
748,2026-10-01T20:14:46,0.1263,EYES CLOSED,0
749,2026-10-01T20:14:46,0.1359,DROWSY,1
750,2026-10-01T20:14:46,0.1342,DROWSY,0
751,2026-10-01T20:14:46,0.1345,DROWSY,0
752,2026-10-01T20:14:46,0.1515,DROWSY,0
753,2026-10-01T20:14:46,0.1623,DROWSY,0
754,2026-10-01T20:14:46,0.1745,DROWSY,0
755,2026-10-01T20:14:46,0.1719,DROWSY,0
756,2026-10-01T20:14:46,0.1763,DROWSY,0
757,2026-10-01T20:14:46,0.1816,DROWSY,0
758,2026-10-01T20:14:46,0.1817,DROWSY,0
759,2026-10-01T20:14:46,0.2272,DROWSY,0
760,2026-10-01T20:14:46,0.2339,DROWSY,0
761,2026-10-01T20:14:46,0.1947,DROWSY,0
762,2026-10-01T20:14:46,0.2174,DROWSY,0
763,2026-10-01T20:14:46,0.2103,DROWSY,0
764,2026-10-01T20:14:46,0.2209,DROWSY,0
765,2026-10-01T20:14:46,0.2172,DROWSY,0
766,2026-10-01T20:14:46,0.2185,DROWSY,0
767,2026-10-01T20:14:46,0.2053,DROWSY,0
768,2026-10-01T20:14:46,0.2071,DROWSY,0
769,2026-10-01T20:14:46,0.2223,DROWSY,0
770,2026-10-01T20:14:46,0.2234,DROWSY,0
771,2026-10-01T20:14:46,0.2221,DROWSY,0
772,2026-10-01T20:14:46,0.2211,DROWSY,0
773,2026-10-01T20:14:46,0.2160,DROWSY,0
774,2026-10-01T20:14:46,0.2133,DROWSY,0
775,2026-10-01T20:14:46,0.2145,DROWSY,0
776,2026-10-01T20:14:46,0.2242,DROWSY,0
777,2026-10-01T20:14:46,0.2155,DROWSY,0
778,2026-10-01T20:14:47,0.2113,DROWSY,0
779,2026-10-01T20:14:47,0.2281,DROWSY,0
780,2026-10-01T20:14:47,0.2387,DROWSY,0
781,2026-10-01T20:14:47,0.2611,ALERT,0
782,2026-10-01T20:14:47,0.2745,ALERT,0
783,2026-10-01T20:14:47,0.2895,ALERT,0
784,2026-10-01T20:14:47,0.2889,ALERT,0
785,2026-10-01T20:14:47,0.2931,ALERT,0
786,2026-10-01T20:14:47,0.2872,ALERT,0
787,2026-10-01T20:14:47,0.2835,ALERT,0
788,2026-10-01T20:14:47,0.2807,ALERT,0
789,2026-10-01T20:14:47,0.2793,ALERT,0
790,2026-10-01T20:14:47,0.2802,ALERT,0
791,2026-10-01T20:14:47,0.2777,ALERT,0
792,2026-10-01T20:14:47,0.2822,ALERT,0
793,2026-10-01T20:14:47,0.2828,ALERT,0
794,2026-10-01T20:14:47,0.2818,ALERT,0
795,2026-10-01T20:14:47,0.2792,ALERT,0
796,2026-10-01T20:14:47,0.2794,ALERT,0
797,2026-10-01T20:14:47,0.2759,ALERT,0
798,2026-10-01T20:14:47,0.2786,ALERT,0
799,2026-10-01T20:14:47,0.2785,ALERT,0
800,2026-10-01T20:14:47,0.2766,ALERT,0
801,2026-10-01T20:14:47,0.2798,ALERT,0
802,2026-10-01T20:14:47,0.2740,ALERT,0
803,2026-10-01T20:14:47,0.2743,ALERT,0
804,2026-10-01T20:14:47,0.2749,ALERT,0
805,2026-10-01T20:14:47,0.2773,ALERT,0
806,2026-10-01T20:14:47,0.2781,ALERT,0
807,2026-10-01T20:14:47,0.2793,ALERT,0
808,2026-10-01T20:14:48,0.2789,ALERT,0
809,2026-10-01T20:14:48,0.2749,ALERT,0
810,2026-10-01T20:14:48,0.2750,ALERT,0
811,2026-10-01T20:14:48,0.2740,ALERT,0
812,2026-10-01T20:14:48,0.2780,ALERT,0
813,2026-10-01T20:14:48,0.2795,ALERT,0
814,2026-10-01T20:14:48,0.2796,ALERT,0
815,2026-10-01T20:14:48,0.2774,ALERT,0
816,2026-10-01T20:14:48,0.2770,ALERT,0
817,2026-10-01T20:14:48,0.2634,ALERT,0
818,2026-10-01T20:14:48,0.2632,ALERT,0
819,2026-10-01T20:14:48,0.2628,ALERT,0
820,2026-10-01T20:14:48,0.2628,ALERT,0
821,2026-10-01T20:14:48,0.2610,ALERT,0
822,2026-10-01T20:14:48,0.2618,ALERT,0
823,2026-10-01T20:14:48,0.2615,ALERT,0
824,2026-10-01T20:14:48,0.2590,ALERT,0
825,2026-10-01T20:14:48,0.2597,ALERT,0
826,2026-10-01T20:14:49,0.2567,ALERT,0
827,2026-10-01T20:14:49,0.2617,ALERT,0
828,2026-10-01T20:14:49,0.2602,ALERT,0
829,2026-10-01T20:14:49,0.2607,ALERT,0
830,2026-10-01T20:14:49,0.2543,ALERT,0
831,2026-10-01T20:14:49,0.0864,EYES CLOSED,0
832,2026-10-01T20:14:49,0.0892,EYES CLOSED,0
833,2026-10-01T20:14:49,0.0874,EYES CLOSED,0
834,2026-10-01T20:14:49,0.1101,EYES CLOSED,0
835,2026-10-01T20:14:49,0.2108,EYES CLOSED,0
836,2026-10-01T20:14:49,0.2649,ALERT,0
837,2026-10-01T20:14:49,0.2860,ALERT,0
838,2026-10-01T20:14:49,0.2831,ALERT,0
839,2026-10-01T20:14:49,0.2819,ALERT,0
840,2026-10-01T20:14:49,0.2763,ALERT,0
841,2026-10-01T20:14:50,0.2730,ALERT,0
842,2026-10-01T20:14:50,0.2723,ALERT,0
843,2026-10-01T20:14:50,0.2760,ALERT,0
844,2026-10-01T20:14:50,0.2839,ALERT,0
845,2026-10-01T20:14:50,0.2974,ALERT,0
846,2026-10-01T20:14:50,0.3128,ALERT,0
847,2026-10-01T20:14:50,0.2551,ALERT,0
848,2026-10-01T20:14:50,0.2380,EYES CLOSED,0
849,2026-10-01T20:14:50,0.2462,EYES CLOSED,0
850,2026-10-01T20:14:50,0.2525,ALERT,0
851,2026-10-01T20:14:50,0.2313,EYES CLOSED,0
852,2026-10-01T20:14:50,0.2540,ALERT,0
853,2026-10-01T20:14:50,0.2633,ALERT,0
854,2026-10-01T20:14:50,0.2326,EYES CLOSED,0
855,2026-10-01T20:14:50,0.2056,EYES CLOSED,0
856,2026-10-01T20:14:50,0.1720,EYES CLOSED,0
857,2026-10-01T20:14:50,0.1923,EYES CLOSED,0
858,2026-10-01T20:14:50,0.2187,EYES CLOSED,0
859,2026-10-01T20:14:51,0.2374,EYES CLOSED,0
860,2026-10-01T20:14:51,0.2514,ALERT,0
861,2026-10-01T20:14:51,0.2524,ALERT,0
862,2026-10-01T20:14:51,0.2260,EYES CLOSED,0
863,2026-10-01T20:14:51,0.2416,EYES CLOSED,0
864,2026-10-01T20:14:51,0.2181,EYES CLOSED,0
865,2026-10-01T20:14:51,0.2243,EYES CLOSED,0
866,2026-10-01T20:14:51,0.2493,EYES CLOSED,0
867,2026-10-01T20:14:51,0.2495,EYES CLOSED,0
868,2026-10-01T20:14:51,0.2581,ALERT,0
869,2026-10-01T20:14:51,0.2256,EYES CLOSED,0
870,2026-10-01T20:14:51,0.2259,EYES CLOSED,0
871,2026-10-01T20:14:51,0.2369,EYES CLOSED,0
872,2026-10-01T20:14:51,0.2486,EYES CLOSED,0
873,2026-10-01T20:14:51,0.2511,ALERT,0
874,2026-10-01T20:14:51,0.2392,EYES CLOSED,0
875,2026-10-01T20:14:51,0.2418,EYES CLOSED,0
876,2026-10-01T20:14:51,0.2293,EYES CLOSED,0
877,2026-10-01T20:14:52,0.2397,EYES CLOSED,0
878,2026-10-01T20:14:52,0.2306,EYES CLOSED,0
879,2026-10-01T20:14:52,0.2279,EYES CLOSED,0
880,2026-10-01T20:14:52,0.2275,EYES CLOSED,0
881,2026-10-01T20:14:52,0.2336,EYES CLOSED,0
882,2026-10-01T20:14:52,0.2556,ALERT,0
883,2026-10-01T20:14:52,0.0807,EYES CLOSED,0
884,2026-10-01T20:14:52,0.0625,EYES CLOSED,0
885,2026-10-01T20:14:52,0.2082,EYES CLOSED,0
886,2026-10-01T20:14:52,0.2591,ALERT,0
887,2026-10-01T20:14:52,0.2580,ALERT,0
888,2026-10-01T20:14:52,0.2512,ALERT,0
889,2026-10-01T20:14:52,0.2961,ALERT,0
890,2026-10-01T20:14:52,0.2986,ALERT,0
891,2026-10-01T20:14:52,0.2775,ALERT,0
892,2026-10-01T20:14:52,0.2737,ALERT,0
893,2026-10-01T20:14:53,0.2860,ALERT,0
894,2026-10-01T20:14:53,0.2795,ALERT,0
895,2026-10-01T20:14:53,0.2849,ALERT,0
896,2026-10-01T20:14:53,0.2916,ALERT,0
897,2026-10-01T20:14:53,0.2804,ALERT,0
898,2026-10-01T20:14:53,0.2755,ALERT,0
899,2026-10-01T20:14:53,0.2921,ALERT,0
900,2026-10-01T20:14:53,0.2965,ALERT,0
901,2026-10-01T20:14:53,0.3037,ALERT,0
902,2026-10-01T20:14:53,0.3032,ALERT,0
903,2026-10-01T20:14:53,0.2875,ALERT,0
904,2026-10-01T20:14:53,0.2910,ALERT,0
905,2026-10-01T20:14:53,0.2958,ALERT,0
906,2026-10-01T20:14:53,0.2886,ALERT,0
907,2026-10-01T20:14:53,0.2995,ALERT,0
908,2026-10-01T20:14:53,0.3034,ALERT,0
909,2026-10-01T20:14:53,0.3094,ALERT,0
910,2026-10-01T20:14:53,0.3108,ALERT,0
911,2026-10-01T20:14:54,0.3063,ALERT,0
912,2026-10-01T20:14:54,0.3134,ALERT,0
913,2026-10-01T20:14:54,0.3194,ALERT,0
914,2026-10-01T20:14:54,0.3201,ALERT,0
915,2026-10-01T20:14:54,0.3169,ALERT,0
916,2026-10-01T20:14:54,0.3178,ALERT,0
917,2026-10-01T20:14:54,0.3183,ALERT,0
918,2026-10-01T20:14:54,0.3287,ALERT,0
919,2026-10-01T20:14:54,0.3407,ALERT,0
920,2026-10-01T20:14:54,0.3496,ALERT,0
921,2026-10-01T20:14:54,0.3585,ALERT,0
922,2026-10-01T20:14:54,0.3535,ALERT,0
923,2026-10-01T20:14:54,0.3472,ALERT,0
924,2026-10-01T20:14:54,0.3492,ALERT,0
925,2026-10-01T20:14:54,0.3507,ALERT,0
926,2026-10-01T20:14:54,0.3412,ALERT,0
927,2026-10-01T20:14:54,0.3374,ALERT,0
928,2026-10-01T20:14:55,0.2654,ALERT,0
929,2026-10-01T20:14:55,0.1958,EYES CLOSED,0
930,2026-10-01T20:14:55,0.2178,EYES CLOSED,0
931,2026-10-01T20:14:55,0.2343,EYES CLOSED,0
932,2026-10-01T20:14:55,0.2520,ALERT,0
933,2026-10-01T20:14:55,0.2781,ALERT,0
934,2026-10-01T20:14:55,0.2821,ALERT,0
935,2026-10-01T20:14:55,0.2945,ALERT,0
936,2026-10-01T20:14:55,0.2940,ALERT,0
937,2026-10-01T20:14:55,0.2949,ALERT,0
938,2026-10-01T20:14:55,0.2947,ALERT,0
939,2026-10-01T20:14:55,0.2245,EYES CLOSED,0
940,2026-10-01T20:14:55,0.2168,EYES CLOSED,0
941,2026-10-01T20:14:55,0.2156,EYES CLOSED,0
942,2026-10-01T20:14:55,0.2235,EYES CLOSED,0
943,2026-10-01T20:14:55,0.2267,EYES CLOSED,0
944,2026-10-01T20:14:56,0.2222,EYES CLOSED,0
945,2026-10-01T20:14:56,0.2233,EYES CLOSED,0
946,2026-10-01T20:14:56,0.2273,EYES CLOSED,0
947,2026-10-01T20:14:56,0.2276,EYES CLOSED,0
948,2026-10-01T20:14:56,0.2219,EYES CLOSED,0
949,2026-10-01T20:14:56,0.2241,EYES CLOSED,0
950,2026-10-01T20:14:56,0.1973,EYES CLOSED,0
951,2026-10-01T20:14:56,0.2017,EYES CLOSED,0
952,2026-10-01T20:14:56,0.2112,EYES CLOSED,0
953,2026-10-01T20:14:56,0.2097,EYES CLOSED,0
954,2026-10-01T20:14:56,0.2071,EYES CLOSED,0
955,2026-10-01T20:14:56,0.2083,EYES CLOSED,0
956,2026-10-01T20:14:56,0.2129,EYES CLOSED,0
957,2026-10-01T20:14:56,0.2050,EYES CLOSED,0
958,2026-10-01T20:14:56,0.1901,DROWSY,1
959,2026-10-01T20:14:56,0.1828,DROWSY,0
960,2026-10-01T20:14:56,0.1209,DROWSY,0
961,2026-10-01T20:14:57,0.0619,DROWSY,0
962,2026-10-01T20:14:57,0.0577,DROWSY,0
963,2026-10-01T20:14:57,0.2062,DROWSY,0
964,2026-10-01T20:14:57,0.2447,DROWSY,0
965,2026-10-01T20:14:57,0.2558,ALERT,0
966,2026-10-01T20:14:57,0.2260,EYES CLOSED,0
967,2026-10-01T20:14:57,0.2256,EYES CLOSED,0
968,2026-10-01T20:14:57,0.2435,EYES CLOSED,0
969,2026-10-01T20:14:57,0.2442,EYES CLOSED,0
970,2026-10-01T20:14:57,0.2617,ALERT,0
971,2026-10-01T20:14:57,0.2561,ALERT,0
972,2026-10-01T20:14:57,0.2587,ALERT,0
973,2026-10-01T20:14:57,0.2533,ALERT,0
974,2026-10-01T20:14:57,0.2511,ALERT,0
975,2026-10-01T20:14:57,0.2531,ALERT,0
976,2026-10-01T20:14:57,0.2652,ALERT,0
977,2026-10-01T20:14:58,0.2579,ALERT,0
978,2026-10-01T20:14:58,0.2569,ALERT,0
979,2026-10-01T20:14:58,0.2598,ALERT,0
980,2026-10-01T20:14:58,0.2562,ALERT,0
981,2026-10-01T20:14:58,0.2539,ALERT,0
982,2026-10-01T20:14:58,0.2607,ALERT,0
983,2026-10-01T20:14:58,0.2594,ALERT,0
984,2026-10-01T20:14:58,0.2596,ALERT,0
985,2026-10-01T20:14:58,0.2670,ALERT,0
986,2026-10-01T20:14:58,0.2681,ALERT,0
987,2026-10-01T20:14:58,0.2753,ALERT,0
988,2026-10-01T20:14:58,0.2776,ALERT,0
989,2026-10-01T20:14:58,0.2724,ALERT,0
990,2026-10-01T20:14:58,0.2749,ALERT,0
991,2026-10-01T20:14:58,0.2761,ALERT,0
992,2026-10-01T20:14:58,0.2746,ALERT,0
993,2026-10-01T20:14:59,0.2757,ALERT,0
994,2026-10-01T20:14:59,0.2763,ALERT,0
995,2026-10-01T20:14:59,0.2737,ALERT,0
996,2026-10-01T20:14:59,0.2723,ALERT,0
997,2026-10-01T20:14:59,0.2785,ALERT,0
998,2026-10-01T20:14:59,0.2719,ALERT,0
999,2026-10-01T20:14:59,0.2626,ALERT,0
1000,2026-10-01T20:14:59,0.2724,ALERT,0
1001,2026-10-01T20:14:59,0.2644,ALERT,0
1002,2026-10-01T20:14:59,0.2656,ALERT,0
1003,2026-10-01T20:14:59,0.2674,ALERT,0
1004,2026-10-01T20:14:59,0.2671,ALERT,0
1005,2026-10-01T20:14:59,0.2787,ALERT,0
1006,2026-10-01T20:14:59,0.2829,ALERT,0
1007,2026-10-01T20:14:59,0.2815,ALERT,0
1008,2026-10-01T20:14:59,0.2829,ALERT,0
1009,2026-10-01T20:14:59,0.2823,ALERT,0
1010,2026-10-01T20:15:00,0.2750,ALERT,0
1011,2026-10-01T20:15:00,0.2705,ALERT,0
1012,2026-10-01T20:15:00,0.2736,ALERT,0
1013,2026-10-01T20:15:00,0.2745,ALERT,0
1014,2026-10-01T20:15:00,0.2778,ALERT,0
1015,2026-10-01T20:15:00,0.2843,ALERT,0
1016,2026-10-01T20:15:00,0.2831,ALERT,0
1017,2026-10-01T20:15:00,0.2834,ALERT,0
1018,2026-10-01T20:15:00,0.2840,ALERT,0
1019,2026-10-01T20:15:00,0.2860,ALERT,0
1020,2026-10-01T20:15:00,0.2873,ALERT,0
1021,2026-10-01T20:15:00,0.2857,ALERT,0
1022,2026-10-01T20:15:00,0.2820,ALERT,0
1023,2026-10-01T20:15:00,0.2754,ALERT,0
1024,2026-10-01T20:15:00,0.2732,ALERT,0
1025,2026-10-01T20:15:00,0.2509,ALERT,0
1026,2026-10-01T20:15:00,0.2056,EYES CLOSED,0
1027,2026-10-01T20:15:00,0.1506,EYES CLOSED,0
1028,2026-10-01T20:15:01,0.1288,EYES CLOSED,0
1029,2026-10-01T20:15:01,0.1364,EYES CLOSED,0
1030,2026-10-01T20:15:01,0.1158,EYES CLOSED,0
1031,2026-10-01T20:15:01,0.1260,EYES CLOSED,0
1032,2026-10-01T20:15:01,0.1358,EYES CLOSED,0
1033,2026-10-01T20:15:01,0.1175,EYES CLOSED,0
1034,2026-10-01T20:15:01,0.0584,EYES CLOSED,0
1035,2026-10-01T20:15:01,0.0718,EYES CLOSED,0
1036,2026-10-01T20:15:01,0.1371,EYES CLOSED,0
1037,2026-10-01T20:15:01,0.1807,EYES CLOSED,0
1038,2026-10-01T20:15:01,0.2304,EYES CLOSED,0
1039,2026-10-01T20:15:01,0.2701,ALERT,0
1040,2026-10-01T20:15:01,0.2666,ALERT,0
1041,2026-10-01T20:15:01,0.3092,ALERT,0
1042,2026-10-01T20:15:01,0.2999,ALERT,0
1043,2026-10-01T20:15:01,0.2897,ALERT,0
1044,2026-10-01T20:15:01,0.2689,ALERT,0
1045,2026-10-01T20:15:02,0.2734,ALERT,0
1046,2026-10-01T20:15:02,0.3066,ALERT,0
1047,2026-10-01T20:15:02,0.2239,EYES CLOSED,0
1048,2026-10-01T20:15:02,0.0906,EYES CLOSED,0
1049,2026-10-01T20:15:02,0.0645,EYES CLOSED,0
1050,2026-10-01T20:15:02,0.0569,EYES CLOSED,0
1051,2026-10-01T20:15:02,0.0643,EYES CLOSED,0
1052,2026-10-01T20:15:02,0.0914,EYES CLOSED,0
1053,2026-10-01T20:15:02,0.2471,EYES CLOSED,0
1054,2026-10-01T20:15:02,0.2640,ALERT,0
1055,2026-10-01T20:15:02,0.2574,ALERT,0
1056,2026-10-01T20:15:02,0.2572,ALERT,0
1057,2026-10-01T20:15:02,0.2610,ALERT,0
1058,2026-10-01T20:15:02,0.2776,ALERT,0
1059,2026-10-01T20:15:02,0.2651,ALERT,0
1060,2026-10-01T20:15:02,0.2722,ALERT,0
1061,2026-10-01T20:15:02,0.2591,ALERT,0
1062,2026-10-01T20:15:02,0.2601,ALERT,0
1063,2026-10-01T20:15:02,0.2568,ALERT,0
1064,2026-10-01T20:15:03,0.2569,ALERT,0
1065,2026-10-01T20:15:03,0.2640,ALERT,0
1066,2026-10-01T20:15:03,0.2673,ALERT,0
1067,2026-10-01T20:15:03,0.2868,ALERT,0
1068,2026-10-01T20:15:03,0.2866,ALERT,0
1069,2026-10-01T20:15:03,0.2856,ALERT,0
1070,2026-10-01T20:15:03,0.2868,ALERT,0
1071,2026-10-01T20:15:03,0.2856,ALERT,0
1072,2026-10-01T20:15:03,0.2700,ALERT,0
1073,2026-10-01T20:15:03,0.2714,ALERT,0
1074,2026-10-01T20:15:03,0.2691,ALERT,0
1075,2026-10-01T20:15:03,0.2809,ALERT,0
1076,2026-10-01T20:15:03,0.2774,ALERT,0
1077,2026-10-01T20:15:03,0.2689,ALERT,0
1078,2026-10-01T20:15:03,0.2647,ALERT,0
1079,2026-10-01T20:15:03,0.2670,ALERT,0
1080,2026-10-01T20:15:03,0.2668,ALERT,0
1081,2026-10-01T20:15:04,0.2638,ALERT,0
1082,2026-10-01T20:15:04,0.2616,ALERT,0
1083,2026-10-01T20:15:04,0.2716,ALERT,0
1084,2026-10-01T20:15:04,0.2635,ALERT,0
1085,2026-10-01T20:15:04,0.2650,ALERT,0
1086,2026-10-01T20:15:04,0.2581,ALERT,0
1087,2026-10-01T20:15:04,0.2413,EYES CLOSED,0
1088,2026-10-01T20:15:04,0.2430,EYES CLOSED,0
1089,2026-10-01T20:15:04,0.2414,EYES CLOSED,0
1090,2026-10-01T20:15:04,0.2441,EYES CLOSED,0
1091,2026-10-01T20:15:04,0.2424,EYES CLOSED,0
1092,2026-10-01T20:15:04,0.2451,EYES CLOSED,0
1093,2026-10-01T20:15:04,0.2481,EYES CLOSED,0
1094,2026-10-01T20:15:04,0.2301,EYES CLOSED,0
1095,2026-10-01T20:15:04,0.0972,EYES CLOSED,0
1096,2026-10-01T20:15:04,0.0950,EYES CLOSED,0
1097,2026-10-01T20:15:04,0.1090,EYES CLOSED,0
1098,2026-10-01T20:15:04,0.0952,EYES CLOSED,0
1099,2026-10-01T20:15:05,0.0544,EYES CLOSED,0
1100,2026-10-01T20:15:05,0.0376,EYES CLOSED,0
1101,2026-10-01T20:15:05,0.0670,EYES CLOSED,0
1102,2026-10-01T20:15:05,0.0770,EYES CLOSED,0
1103,2026-10-01T20:15:05,0.0667,EYES CLOSED,0
1104,2026-10-01T20:15:05,0.2186,EYES CLOSED,0
1105,2026-10-01T20:15:05,0.2666,ALERT,0
1106,2026-10-01T20:15:05,0.2691,ALERT,0
1107,2026-10-01T20:15:05,0.2865,ALERT,0
1108,2026-10-01T20:15:05,0.2686,ALERT,0
1109,2026-10-01T20:15:05,0.2527,ALERT,0
1110,2026-10-01T20:15:05,0.2433,EYES CLOSED,0
1111,2026-10-01T20:15:05,0.2498,EYES CLOSED,0
1112,2026-10-01T20:15:05,0.2527,ALERT,0
1113,2026-10-01T20:15:05,0.2542,ALERT,0
1114,2026-10-01T20:15:05,0.2551,ALERT,0
1115,2026-10-01T20:15:05,0.2751,ALERT,0
1116,2026-10-01T20:15:06,0.2621,ALERT,0
1117,2026-10-01T20:15:06,0.2549,ALERT,0
1118,2026-10-01T20:15:06,0.2475,EYES CLOSED,0
1119,2026-10-01T20:15:06,0.2539,ALERT,0
1120,2026-10-01T20:15:06,0.2369,EYES CLOSED,0
1121,2026-10-01T20:15:06,0.2433,EYES CLOSED,0
1122,2026-10-01T20:15:06,0.2399,EYES CLOSED,0
1123,2026-10-01T20:15:06,0.2410,EYES CLOSED,0
1124,2026-10-01T20:15:06,0.2287,EYES CLOSED,0
1125,2026-10-01T20:15:06,0.2308,EYES CLOSED,0
1126,2026-10-01T20:15:06,0.2340,EYES CLOSED,0
1127,2026-10-01T20:15:06,0.2358,EYES CLOSED,0
1128,2026-10-01T20:15:06,0.2349,EYES CLOSED,0
1129,2026-10-01T20:15:06,0.2321,EYES CLOSED,0
1130,2026-10-01T20:15:06,0.2340,EYES CLOSED,0
1131,2026-10-01T20:15:06,0.2338,EYES CLOSED,0
1132,2026-10-01T20:15:06,0.2328,EYES CLOSED,0
1133,2026-10-01T20:15:06,0.2458,EYES CLOSED,0
1134,2026-10-01T20:15:07,0.2426,EYES CLOSED,0
1135,2026-10-01T20:15:07,0.2442,EYES CLOSED,0
1136,2026-10-01T20:15:07,0.2482,EYES CLOSED,0
1137,2026-10-01T20:15:07,0.2435,EYES CLOSED,0
1138,2026-10-01T20:15:07,0.2481,EYES CLOSED,0
1139,2026-10-01T20:15:07,0.2537,ALERT,0
1140,2026-10-01T20:15:07,0.2597,ALERT,0
1141,2026-10-01T20:15:07,0.2665,ALERT,0
1142,2026-10-01T20:15:07,0.2639,ALERT,0
1143,2026-10-01T20:15:07,0.2667,ALERT,0
1144,2026-10-01T20:15:07,0.2756,ALERT,0
1145,2026-10-01T20:15:07,0.2774,ALERT,0
1146,2026-10-01T20:15:07,0.2779,ALERT,0
1147,2026-10-01T20:15:07,0.2787,ALERT,0
1148,2026-10-01T20:15:07,0.2760,ALERT,0
1149,2026-10-01T20:15:07,0.2826,ALERT,0
1150,2026-10-01T20:15:07,0.2821,ALERT,0
1151,2026-10-01T20:15:07,0.2800,ALERT,0
1152,2026-10-01T20:15:08,0.2727,ALERT,0
1153,2026-10-01T20:15:08,0.2745,ALERT,0
1154,2026-10-01T20:15:08,0.2784,ALERT,0
1155,2026-10-01T20:15:08,0.2819,ALERT,0
1156,2026-10-01T20:15:08,0.2795,ALERT,0
1157,2026-10-01T20:15:08,0.2802,ALERT,0
1158,2026-10-01T20:15:08,0.2802,ALERT,0
1159,2026-10-01T20:15:08,0.2806,ALERT,0
1160,2026-10-01T20:15:08,0.2804,ALERT,0
1161,2026-10-01T20:15:08,0.2808,ALERT,0
1162,2026-10-01T20:15:08,0.2798,ALERT,0
1163,2026-10-01T20:15:08,0.2805,ALERT,0
1164,2026-10-01T20:15:08,0.2802,ALERT,0
1165,2026-10-01T20:15:08,0.2706,ALERT,0
1166,2026-10-01T20:15:08,0.2436,EYES CLOSED,0
1167,2026-10-01T20:15:08,0.2108,EYES CLOSED,0
1168,2026-10-01T20:15:08,0.2172,EYES CLOSED,0
1169,2026-10-01T20:15:08,0.2257,EYES CLOSED,0
1170,2026-10-01T20:15:08,0.2308,EYES CLOSED,0
1171,2026-10-01T20:15:08,0.2329,EYES CLOSED,0
1172,2026-10-01T20:15:08,0.2371,EYES CLOSED,0
1173,2026-10-01T20:15:08,0.2390,EYES CLOSED,0
1174,2026-10-01T20:15:08,0.2415,EYES CLOSED,0
1175,2026-10-01T20:15:08,0.2456,EYES CLOSED,0
1176,2026-10-01T20:15:08,0.2463,EYES CLOSED,0
1177,2026-10-01T20:15:08,0.2480,EYES CLOSED,0
1178,2026-10-01T20:15:08,0.2500,EYES CLOSED,0
1179,2026-10-01T20:15:08,0.2552,ALERT,0
1180,2026-10-01T20:15:08,0.2566,ALERT,0
1181,2026-10-01T20:15:08,0.2543,ALERT,0
1182,2026-10-01T20:15:08,0.2560,ALERT,0
1183,2026-10-01T20:15:08,0.2589,ALERT,0
1184,2026-10-01T20:15:09,0.2586,ALERT,0
1185,2026-10-01T20:15:09,0.2577,ALERT,0
1186,2026-10-01T20:15:09,0.2601,ALERT,0
1187,2026-10-01T20:15:09,0.2608,ALERT,0
1188,2026-10-01T20:15:09,0.2602,ALERT,0
1189,2026-10-01T20:15:09,0.2615,ALERT,0
1190,2026-10-01T20:15:09,0.2459,EYES CLOSED,0
1191,2026-10-01T20:15:09,0.2418,EYES CLOSED,0
1192,2026-10-01T20:15:09,0.2399,EYES CLOSED,0
1193,2026-10-01T20:15:09,0.2388,EYES CLOSED,0
1194,2026-10-01T20:15:09,0.2383,EYES CLOSED,0
1195,2026-10-01T20:15:09,0.2460,EYES CLOSED,0
1196,2026-10-01T20:15:09,0.2474,EYES CLOSED,0
1197,2026-10-01T20:15:09,0.2432,EYES CLOSED,0
1198,2026-10-01T20:15:09,0.2424,EYES CLOSED,0
1199,2026-10-01T20:15:09,0.2456,EYES CLOSED,0
1200,2026-10-01T20:15:09,0.2403,EYES CLOSED,0
1201,2026-10-01T20:15:09,0.2400,EYES CLOSED,0
1202,2026-10-01T20:15:09,0.2403,EYES CLOSED,0
1203,2026-10-01T20:15:10,0.2462,EYES CLOSED,0
1204,2026-10-01T20:15:10,0.2495,EYES CLOSED,0
1205,2026-10-01T20:15:10,0.2520,ALERT,0
1206,2026-10-01T20:15:10,0.2553,ALERT,0
1207,2026-10-01T20:15:10,0.2513,ALERT,0
1208,2026-10-01T20:15:10,0.2548,ALERT,0
1209,2026-10-01T20:15:10,0.2630,ALERT,0
1210,2026-10-01T20:15:10,0.2671,ALERT,0
1211,2026-10-01T20:15:10,0.2637,ALERT,0
1212,2026-10-01T20:15:10,0.1028,EYES CLOSED,0
1213,2026-10-01T20:15:10,0.0910,EYES CLOSED,0
1214,2026-10-01T20:15:10,0.0906,EYES CLOSED,0
1215,2026-10-01T20:15:10,0.0844,EYES CLOSED,0
1216,2026-10-01T20:15:10,0.1459,EYES CLOSED,0
1217,2026-10-01T20:15:10,0.1558,EYES CLOSED,0
1218,2026-10-01T20:15:10,0.2052,EYES CLOSED,0
1219,2026-10-01T20:15:10,0.2311,EYES CLOSED,0
1220,2026-10-01T20:15:10,0.2499,EYES CLOSED,0
1221,2026-10-01T20:15:11,0.2480,EYES CLOSED,0
1222,2026-10-01T20:15:11,0.2518,ALERT,0
1223,2026-10-01T20:15:11,0.2550,ALERT,0
1224,2026-10-01T20:15:11,0.2572,ALERT,0
1225,2026-10-01T20:15:11,0.2614,ALERT,0
1226,2026-10-01T20:15:11,0.2599,ALERT,0
1227,2026-10-01T20:15:11,0.2523,ALERT,0
1228,2026-10-01T20:15:11,0.2524,ALERT,0
1229,2026-10-01T20:15:11,0.2537,ALERT,0
1230,2026-10-01T20:15:11,0.2121,EYES CLOSED,0
1231,2026-10-01T20:15:11,0.0861,EYES CLOSED,0
1232,2026-10-01T20:15:11,0.0521,EYES CLOSED,0
1233,2026-10-01T20:15:11,0.0457,EYES CLOSED,0
1234,2026-10-01T20:15:11,0.1373,EYES CLOSED,0
1235,2026-10-01T20:15:11,0.2062,EYES CLOSED,0
1236,2026-10-01T20:15:11,0.2227,EYES CLOSED,0
1237,2026-10-01T20:15:11,0.2337,EYES CLOSED,0
1238,2026-10-01T20:15:11,0.2348,EYES CLOSED,0
1239,2026-10-01T20:15:12,0.2367,EYES CLOSED,0
1240,2026-10-01T20:15:12,0.2399,EYES CLOSED,0
1241,2026-10-01T20:15:12,0.2422,EYES CLOSED,0
1242,2026-10-01T20:15:12,0.2494,EYES CLOSED,0
1243,2026-10-01T20:15:12,0.2506,ALERT,0
1244,2026-10-01T20:15:12,0.2466,EYES CLOSED,0
1245,2026-10-01T20:15:12,0.2416,EYES CLOSED,0
1246,2026-10-01T20:15:12,0.2470,EYES CLOSED,0
1247,2026-10-01T20:15:12,0.2552,ALERT,0
1248,2026-10-01T20:15:12,0.2540,ALERT,0
1249,2026-10-01T20:15:12,0.2459,EYES CLOSED,0
1250,2026-10-01T20:15:12,0.2479,EYES CLOSED,0
1251,2026-10-01T20:15:12,0.2514,ALERT,0
1252,2026-10-01T20:15:12,0.2540,ALERT,0
1253,2026-10-01T20:15:12,0.2479,EYES CLOSED,0
1254,2026-10-01T20:15:12,0.2524,ALERT,0
1255,2026-10-01T20:15:12,0.2393,EYES CLOSED,0
1256,2026-10-01T20:15:12,0.2383,EYES CLOSED,0
1257,2026-10-01T20:15:12,0.2460,EYES CLOSED,0
1258,2026-10-01T20:15:12,0.2482,EYES CLOSED,0
1259,2026-10-01T20:15:12,0.2347,EYES CLOSED,0
1260,2026-10-01T20:15:13,0.2402,EYES CLOSED,0
1261,2026-10-01T20:15:13,0.2383,EYES CLOSED,0
1262,2026-10-01T20:15:13,0.2438,EYES CLOSED,0
1263,2026-10-01T20:15:13,0.2246,EYES CLOSED,0
1264,2026-10-01T20:15:13,0.2360,EYES CLOSED,0
1265,2026-10-01T20:15:13,0.2370,EYES CLOSED,0
1266,2026-10-01T20:15:13,0.2450,EYES CLOSED,0
1267,2026-10-01T20:15:13,0.2456,EYES CLOSED,0
1268,2026-10-01T20:15:13,0.2460,EYES CLOSED,0
1269,2026-10-01T20:15:13,0.2365,EYES CLOSED,0
1270,2026-10-01T20:15:13,0.2428,EYES CLOSED,0
1271,2026-10-01T20:15:13,0.2404,EYES CLOSED,0
1272,2026-10-01T20:15:13,0.2459,EYES CLOSED,0
1273,2026-10-01T20:15:13,0.2424,EYES CLOSED,0
1274,2026-10-01T20:15:13,0.2334,DROWSY,1
1275,2026-10-01T20:15:13,0.1157,DROWSY,0
1276,2026-10-01T20:15:13,0.0426,DROWSY,0
1277,2026-10-01T20:15:13,0.0258,DROWSY,0
1278,2026-10-01T20:15:13,0.0436,DROWSY,0
1279,2026-10-01T20:15:13,0.0456,DROWSY,0
1280,2026-10-01T20:15:13,0.0586,DROWSY,0
1281,2026-10-01T20:15:13,0.0937,DROWSY,0
1282,2026-10-01T20:15:13,0.1675,DROWSY,0
1283,2026-10-01T20:15:13,0.2211,DROWSY,0
1284,2026-10-01T20:15:13,0.2388,DROWSY,0
1285,2026-10-01T20:15:13,0.2294,DROWSY,0
1286,2026-10-01T20:15:13,0.2404,DROWSY,0
1287,2026-10-01T20:15:13,0.2772,ALERT,0
1288,2026-10-01T20:15:13,0.2947,ALERT,0
1289,2026-10-01T20:15:13,0.2860,ALERT,0
1290,2026-10-01T20:15:13,0.2888,ALERT,0
1291,2026-10-01T20:15:14,0.2955,ALERT,0
1292,2026-10-01T20:15:14,0.2971,ALERT,0
1293,2026-10-01T20:15:14,0.2906,ALERT,0
1294,2026-10-01T20:15:14,0.2815,ALERT,0
1295,2026-10-01T20:15:14,0.2776,ALERT,0
1296,2026-10-01T20:15:14,0.2953,ALERT,0
1297,2026-10-01T20:15:14,0.3014,ALERT,0
1298,2026-10-01T20:15:14,0.3117,ALERT,0
1299,2026-10-01T20:15:14,0.3028,ALERT,0
1300,2026-10-01T20:15:14,0.2933,ALERT,0
1301,2026-10-01T20:15:14,0.3088,ALERT,0
1302,2026-10-01T20:15:14,0.2993,ALERT,0
1303,2026-10-01T20:15:14,0.2970,ALERT,0
1304,2026-10-01T20:15:14,0.2984,ALERT,0
1305,2026-10-01T20:15:14,0.2854,ALERT,0
1306,2026-10-01T20:15:14,0.2748,ALERT,0
1307,2026-10-01T20:15:14,0.2888,ALERT,0
1308,2026-10-01T20:15:14,0.2822,ALERT,0
1309,2026-10-01T20:15:14,0.2790,ALERT,0
1310,2026-10-01T20:15:14,0.2820,ALERT,0
1311,2026-10-01T20:15:14,0.2954,ALERT,0
1312,2026-10-01T20:15:14,0.2675,ALERT,0
1313,2026-10-01T20:15:14,0.2594,ALERT,0
1314,2026-10-01T20:15:14,0.2791,ALERT,0
1315,2026-10-01T20:15:14,0.2566,ALERT,0
1316,2026-10-01T20:15:14,0.2668,ALERT,0
1317,2026-10-01T20:15:14,0.1924,EYES CLOSED,0
1318,2026-10-01T20:15:14,0.0945,EYES CLOSED,0
1319,2026-10-01T20:15:14,0.1182,EYES CLOSED,0
1320,2026-10-01T20:15:14,0.2092,EYES CLOSED,0
1321,2026-10-01T20:15:15,0.2004,EYES CLOSED,0
1322,2026-10-01T20:15:15,0.1236,EYES CLOSED,0
1323,2026-10-01T20:15:15,0.1383,EYES CLOSED,0
1324,2026-10-01T20:15:15,0.1105,EYES CLOSED,0
1325,2026-10-01T20:15:15,0.1462,EYES CLOSED,0
1326,2026-10-01T20:15:15,0.1439,EYES CLOSED,0
1327,2026-10-01T20:15:15,0.1295,EYES CLOSED,0
1328,2026-10-01T20:15:15,0.0423,EYES CLOSED,0
1329,2026-10-01T20:15:15,0.0541,EYES CLOSED,0
1330,2026-10-01T20:15:15,0.0749,EYES CLOSED,0
1331,2026-10-01T20:15:15,0.0823,EYES CLOSED,0
1332,2026-10-01T20:15:15,0.0617,EYES CLOSED,0
1333,2026-10-01T20:15:15,0.1310,EYES CLOSED,0
1334,2026-10-01T20:15:15,0.2216,EYES CLOSED,0
1335,2026-10-01T20:15:15,0.2391,EYES CLOSED,0
1336,2026-10-01T20:15:15,0.2349,DROWSY,1
1337,2026-10-01T20:15:15,0.2632,ALERT,0
1338,2026-10-01T20:15:15,0.2508,ALERT,0
1339,2026-10-01T20:15:15,0.2517,ALERT,0
1340,2026-10-01T20:15:15,0.2776,ALERT,0
1341,2026-10-01T20:15:15,0.2839,ALERT,0
1342,2026-10-01T20:15:15,0.2960,ALERT,0
1343,2026-10-01T20:15:15,0.2687,ALERT,0
1344,2026-10-01T20:15:15,0.2953,ALERT,0
1345,2026-10-01T20:15:15,0.3088,ALERT,0
1346,2026-10-01T20:15:15,0.2593,ALERT,0
1347,2026-10-01T20:15:15,0.1658,EYES CLOSED,0
1348,2026-10-01T20:15:15,0.1379,EYES CLOSED,0
1349,2026-10-01T20:15:15,0.2087,EYES CLOSED,0
1350,2026-10-01T20:15:15,0.2575,ALERT,0
1351,2026-10-01T20:15:16,0.2788,ALERT,0
1352,2026-10-01T20:15:16,0.3155,ALERT,0
1353,2026-10-01T20:15:16,0.2910,ALERT,0
1354,2026-10-01T20:15:16,0.3952,ALERT,0
1355,2026-10-01T20:15:16,0.4015,ALERT,0
1356,2026-10-01T20:15:16,0.0000,NO FACE,0
1357,2026-10-01T20:15:16,0.0000,NO FACE,0
1358,2026-10-01T20:15:16,0.3434,ALERT,0
1359,2026-10-01T20:15:16,0.3466,ALERT,0
1360,2026-10-01T20:15:16,0.3325,ALERT,0
1361,2026-10-01T20:15:16,0.3102,ALERT,0
1362,2026-10-01T20:15:16,0.2957,ALERT,0
1363,2026-10-01T20:15:16,0.1049,EYES CLOSED,0
1364,2026-10-01T20:15:16,0.1016,EYES CLOSED,0
1365,2026-10-01T20:15:16,0.1430,EYES CLOSED,0
1366,2026-10-01T20:15:16,0.1297,EYES CLOSED,0
1367,2026-10-01T20:15:16,0.1475,EYES CLOSED,0
1368,2026-10-01T20:15:16,0.1587,EYES CLOSED,0
1369,2026-10-01T20:15:16,0.1469,EYES CLOSED,0
1370,2026-10-01T20:15:16,0.1487,EYES CLOSED,0
1371,2026-10-01T20:15:16,0.1426,EYES CLOSED,0
1372,2026-10-01T20:15:16,0.1502,EYES CLOSED,0
1373,2026-10-01T20:15:16,0.1832,EYES CLOSED,0
1374,2026-10-01T20:15:16,0.1868,EYES CLOSED,0
1375,2026-10-01T20:15:16,0.1889,EYES CLOSED,0
1376,2026-10-01T20:15:16,0.1881,EYES CLOSED,0
1377,2026-10-01T20:15:16,0.2069,EYES CLOSED,0
1378,2026-10-01T20:15:16,0.1952,EYES CLOSED,0
1379,2026-10-01T20:15:16,0.2011,EYES CLOSED,0
1380,2026-10-01T20:15:16,0.1879,EYES CLOSED,0
1381,2026-10-01T20:15:16,0.1843,EYES CLOSED,0
1382,2026-10-01T20:15:17,0.1961,DROWSY,1
1383,2026-10-01T20:15:17,0.1781,DROWSY,0
1384,2026-10-01T20:15:17,0.1798,DROWSY,0
1385,2026-10-01T20:15:17,0.1838,DROWSY,0
1386,2026-10-01T20:15:17,0.1855,DROWSY,0
1387,2026-10-01T20:15:17,0.1859,DROWSY,0
1388,2026-10-01T20:15:17,0.1822,DROWSY,0
1389,2026-10-01T20:15:17,0.1760,DROWSY,0
1390,2026-10-01T20:15:17,0.1816,DROWSY,0
1391,2026-10-01T20:15:17,0.1653,DROWSY,0
1392,2026-10-01T20:15:17,0.1154,DROWSY,0
1393,2026-10-01T20:15:17,0.1239,DROWSY,0
1394,2026-10-01T20:15:17,0.1637,DROWSY,0
1395,2026-10-01T20:15:17,0.1529,DROWSY,0
1396,2026-10-01T20:15:17,0.1591,DROWSY,0
1397,2026-10-01T20:15:17,0.1496,DROWSY,0
1398,2026-10-01T20:15:17,0.1728,DROWSY,0
1399,2026-10-01T20:15:17,0.1449,DROWSY,0
1400,2026-10-01T20:15:17,0.1746,DROWSY,0
1401,2026-10-01T20:15:17,0.2062,DROWSY,0
1402,2026-10-01T20:15:17,0.2111,DROWSY,0
1403,2026-10-01T20:15:17,0.2069,DROWSY,0
1404,2026-10-01T20:15:17,0.2249,DROWSY,0
1405,2026-10-01T20:15:17,0.2177,DROWSY,0
1406,2026-10-01T20:15:17,0.2258,DROWSY,0
1407,2026-10-01T20:15:17,0.2141,DROWSY,0
1408,2026-10-01T20:15:17,0.2363,DROWSY,0
1409,2026-10-01T20:15:17,0.2696,ALERT,0
1410,2026-10-01T20:15:17,0.2578,ALERT,0
1411,2026-10-01T20:15:18,0.2318,EYES CLOSED,0
1412,2026-10-01T20:15:18,0.2263,EYES CLOSED,0
1413,2026-10-01T20:15:18,0.2509,ALERT,0
1414,2026-10-01T20:15:18,0.2433,EYES CLOSED,0
1415,2026-10-01T20:15:18,0.2552,ALERT,0
1416,2026-10-01T20:15:18,0.2637,ALERT,0
1417,2026-10-01T20:15:18,0.2651,ALERT,0
1418,2026-10-01T20:15:18,0.2409,EYES CLOSED,0
1419,2026-10-01T20:15:18,0.0177,EYES CLOSED,0
1420,2026-10-01T20:15:18,0.0094,EYES CLOSED,0
1421,2026-10-01T20:15:18,0.1083,EYES CLOSED,0
1422,2026-10-01T20:15:18,0.2344,EYES CLOSED,0
1423,2026-10-01T20:15:18,0.2863,ALERT,0
1424,2026-10-01T20:15:18,0.3062,ALERT,0
1425,2026-10-01T20:15:18,0.3333,ALERT,0
1426,2026-10-01T20:15:18,0.3431,ALERT,0
1427,2026-10-01T20:15:18,0.3400,ALERT,0
1428,2026-10-01T20:15:18,0.3351,ALERT,0
1429,2026-10-01T20:15:18,0.3278,ALERT,0
1430,2026-10-01T20:15:18,0.3281,ALERT,0
1431,2026-10-01T20:15:18,0.3098,ALERT,0
1432,2026-10-01T20:15:18,0.3067,ALERT,0
1433,2026-10-01T20:15:18,0.2984,ALERT,0
1434,2026-10-01T20:15:18,0.2883,ALERT,0
1435,2026-10-01T20:15:18,0.2840,ALERT,0
1436,2026-10-01T20:15:18,0.2823,ALERT,0
1437,2026-10-01T20:15:18,0.2766,ALERT,0
1438,2026-10-01T20:15:18,0.2925,ALERT,0
1439,2026-10-01T20:15:18,0.2853,ALERT,0
1440,2026-10-01T20:15:18,0.1540,EYES CLOSED,0
1441,2026-10-01T20:15:19,0.2188,EYES CLOSED,0
1442,2026-10-01T20:15:19,0.1574,EYES CLOSED,0
1443,2026-10-01T20:15:19,0.0862,EYES CLOSED,0
1444,2026-10-01T20:15:19,0.2112,EYES CLOSED,0
1445,2026-10-01T20:15:19,0.0311,EYES CLOSED,0
1446,2026-10-01T20:15:19,0.0536,EYES CLOSED,0
1447,2026-10-01T20:15:19,0.1044,EYES CLOSED,0
1448,2026-10-01T20:15:19,0.1664,EYES CLOSED,0
1449,2026-10-01T20:15:19,0.2459,EYES CLOSED,0
1450,2026-10-01T20:15:19,0.3718,ALERT,0
1451,2026-10-01T20:15:19,0.3903,ALERT,0
1452,2026-10-01T20:15:19,0.4018,ALERT,0
1453,2026-10-01T20:15:19,0.3762,ALERT,0
1454,2026-10-01T20:15:19,0.4875,ALERT,0
1455,2026-10-01T20:15:19,0.4515,ALERT,0
1456,2026-10-01T20:15:19,0.4800,ALERT,0
1457,2026-10-01T20:15:19,0.4832,ALERT,0
1458,2026-10-01T20:15:19,0.5073,ALERT,0
1459,2026-10-01T20:15:19,0.4597,ALERT,0
1460,2026-10-01T20:15:19,0.0000,NO FACE,0
1461,2026-10-01T20:15:19,0.3171,ALERT,0
1462,2026-10-01T20:15:19,0.2696,ALERT,0
1463,2026-10-01T20:15:19,0.2349,EYES CLOSED,0
1464,2026-10-01T20:15:19,0.2263,EYES CLOSED,0
1465,2026-10-01T20:15:19,0.2331,EYES CLOSED,0
1466,2026-10-01T20:15:19,0.1655,EYES CLOSED,0
1467,2026-10-01T20:15:19,0.1336,EYES CLOSED,0
1468,2026-10-01T20:15:19,0.1877,EYES CLOSED,0
1469,2026-10-01T20:15:19,0.1610,EYES CLOSED,0
1470,2026-10-01T20:15:19,0.1899,EYES CLOSED,0
1471,2026-10-01T20:15:20,0.1675,EYES CLOSED,0
1472,2026-10-01T20:15:20,0.1906,EYES CLOSED,0
1473,2026-10-01T20:15:20,0.2106,EYES CLOSED,0
1474,2026-10-01T20:15:20,0.2137,EYES CLOSED,0
1475,2026-10-01T20:15:20,0.1606,EYES CLOSED,0
1476,2026-10-01T20:15:20,0.1591,EYES CLOSED,0
1477,2026-10-01T20:15:20,0.1991,EYES CLOSED,0
1478,2026-10-01T20:15:20,0.2050,EYES CLOSED,0
1479,2026-10-01T20:15:20,0.1324,EYES CLOSED,0
1480,2026-10-01T20:15:20,0.1434,EYES CLOSED,0
1481,2026-10-01T20:15:20,0.1530,EYES CLOSED,0
1482,2026-10-01T20:15:20,0.1767,DROWSY,1
1483,2026-10-01T20:15:20,0.1678,DROWSY,0
1484,2026-10-01T20:15:20,0.1435,DROWSY,0
1485,2026-10-01T20:15:20,0.1728,DROWSY,0
1486,2026-10-01T20:15:20,0.1486,DROWSY,0
1487,2026-10-01T20:15:20,0.1555,DROWSY,0
1488,2026-10-01T20:15:20,0.1806,DROWSY,0
1489,2026-10-01T20:15:20,0.1801,DROWSY,0
1490,2026-10-01T20:15:20,0.1609,DROWSY,0
1491,2026-10-01T20:15:20,0.1570,DROWSY,0
1492,2026-10-01T20:15:20,0.1746,DROWSY,0
1493,2026-10-01T20:15:20,0.1852,DROWSY,0
1494,2026-10-01T20:15:20,0.1676,DROWSY,0
1495,2026-10-01T20:15:20,0.1132,DROWSY,0
1496,2026-10-01T20:15:20,0.1269,DROWSY,0
1497,2026-10-01T20:15:20,0.1502,DROWSY,0
1498,2026-10-01T20:15:20,0.1569,DROWSY,0
1499,2026-10-01T20:15:20,0.1447,DROWSY,0
1500,2026-10-01T20:15:20,0.1459,DROWSY,0
1501,2026-10-01T20:15:21,0.1512,DROWSY,0
1502,2026-10-01T20:15:21,0.1482,DROWSY,0
1503,2026-10-01T20:15:21,0.1664,DROWSY,0
1504,2026-10-01T20:15:21,0.1356,DROWSY,0
1505,2026-10-01T20:15:21,0.1398,DROWSY,0
1506,2026-10-01T20:15:21,0.1622,DROWSY,0
1507,2026-10-01T20:15:21,0.1608,DROWSY,0
1508,2026-10-01T20:15:21,0.2056,DROWSY,0
1509,2026-10-01T20:15:21,0.2509,ALERT,0
1510,2026-10-01T20:15:21,0.2759,ALERT,0
1511,2026-10-01T20:15:21,0.2752,ALERT,0
1512,2026-10-01T20:15:21,0.0000,NO FACE,0
1513,2026-10-01T20:15:21,0.0000,NO FACE,0
1514,2026-10-01T20:15:21,0.0000,NO FACE,0
1515,2026-10-01T20:15:21,0.0000,NO FACE,0
1516,2026-10-01T20:15:21,0.0000,NO FACE,0
1517,2026-10-01T20:15:21,0.0000,NO FACE,0
1518,2026-10-01T20:15:21,0.0000,NO FACE,0
1519,2026-10-01T20:15:21,0.0000,NO FACE,0
1520,2026-10-01T20:15:21,0.0000,NO FACE,0
1521,2026-10-01T20:15:21,0.0000,NO FACE,0
1522,2026-10-01T20:15:21,0.0000,NO FACE,0
1523,2026-10-01T20:15:21,0.0000,NO FACE,0
1524,2026-10-01T20:15:21,0.0000,NO FACE,0
1525,2026-10-01T20:15:21,0.0000,NO FACE,0
1526,2026-10-01T20:15:21,0.0000,NO FACE,0
1527,2026-10-01T20:15:21,0.0000,NO FACE,0
1528,2026-10-01T20:15:21,0.0000,NO FACE,0
1529,2026-10-01T20:15:21,0.0000,NO FACE,0
1530,2026-10-01T20:15:21,0.0000,NO FACE,0
1531,2026-10-01T20:15:22,0.0000,NO FACE,0
1532,2026-10-01T20:15:22,0.0000,NO FACE,0
1533,2026-10-01T20:15:22,0.2369,EYES CLOSED,0
1534,2026-10-01T20:15:22,0.2436,EYES CLOSED,0
1535,2026-10-01T20:15:22,0.2400,EYES CLOSED,0
1536,2026-10-01T20:15:22,0.2333,EYES CLOSED,0
1537,2026-10-01T20:15:22,0.1977,EYES CLOSED,0
1538,2026-10-01T20:15:22,0.1892,EYES CLOSED,0
1539,2026-10-01T20:15:22,0.2028,EYES CLOSED,0
1540,2026-10-01T20:15:22,0.1796,EYES CLOSED,0
1541,2026-10-01T20:15:22,0.1877,EYES CLOSED,0
1542,2026-10-01T20:15:22,0.1998,EYES CLOSED,0
1543,2026-10-01T20:15:22,0.1979,EYES CLOSED,0
1544,2026-10-01T20:15:22,0.2014,EYES CLOSED,0
1545,2026-10-01T20:15:22,0.2002,EYES CLOSED,0
1546,2026-10-01T20:15:22,0.1998,EYES CLOSED,0
1547,2026-10-01T20:15:22,0.1988,EYES CLOSED,0
1548,2026-10-01T20:15:22,0.2039,EYES CLOSED,0
1549,2026-10-01T20:15:22,0.1924,EYES CLOSED,0
1550,2026-10-01T20:15:22,0.1845,EYES CLOSED,0
1551,2026-10-01T20:15:22,0.1688,EYES CLOSED,0
1552,2026-10-01T20:15:22,0.1609,DROWSY,1
1553,2026-10-01T20:15:22,0.1588,DROWSY,0
1554,2026-10-01T20:15:22,0.1615,DROWSY,0
1555,2026-10-01T20:15:22,0.1711,DROWSY,0
1556,2026-10-01T20:15:22,0.1707,DROWSY,0
1557,2026-10-01T20:15:22,0.1395,DROWSY,0
1558,2026-10-01T20:15:22,0.2276,DROWSY,0
1559,2026-10-01T20:15:22,0.0000,NO FACE,0
1560,2026-10-01T20:15:22,0.0000,NO FACE,0
1561,2026-10-01T20:15:22,0.0000,NO FACE,0
1562,2026-10-01T20:15:23,0.0000,NO FACE,0
1563,2026-10-01T20:15:23,0.0000,NO FACE,0
1564,2026-10-01T20:15:23,0.0000,NO FACE,0
1565,2026-10-01T20:15:23,0.0000,NO FACE,0
1566,2026-10-01T20:15:23,0.0000,NO FACE,0
1567,2026-10-01T20:15:23,0.0000,NO FACE,0
1568,2026-10-01T20:15:23,0.0000,NO FACE,0
1569,2026-10-01T20:15:23,0.0000,NO FACE,0
1570,2026-10-01T20:15:23,0.0000,NO FACE,0
1571,2026-10-01T20:15:23,0.5123,ALERT,0
1572,2026-10-01T20:15:23,0.4586,ALERT,0
1573,2026-10-01T20:15:23,0.0000,NO FACE,0
1574,2026-10-01T20:15:23,0.6021,ALERT,0
1575,2026-10-01T20:15:23,0.4101,ALERT,0
1576,2026-10-01T20:15:23,0.4454,ALERT,0
1577,2026-10-01T20:15:23,0.3695,ALERT,0
1578,2026-10-01T20:15:23,0.3868,ALERT,0
1579,2026-10-01T20:15:23,0.3822,ALERT,0
1580,2026-10-01T20:15:23,0.4303,ALERT,0
1581,2026-10-01T20:15:23,0.4167,ALERT,0
1582,2026-10-01T20:15:23,0.4178,ALERT,0
1583,2026-10-01T20:15:23,0.4126,ALERT,0
1584,2026-10-01T20:15:23,0.4463,ALERT,0
1585,2026-10-01T20:15:23,0.4585,ALERT,0
1586,2026-10-01T20:15:23,0.4889,ALERT,0
1587,2026-10-01T20:15:23,0.4951,ALERT,0
1588,2026-10-01T20:15:23,0.4785,ALERT,0
1589,2026-10-01T20:15:23,0.4789,ALERT,0
1590,2026-10-01T20:15:23,0.4744,ALERT,0
1591,2026-10-01T20:15:24,0.4557,ALERT,0
1592,2026-10-01T20:15:24,0.4916,ALERT,0
1593,2026-10-01T20:15:24,0.4591,ALERT,0
1594,2026-10-01T20:15:24,0.4485,ALERT,0
1595,2026-10-01T20:15:24,0.4678,ALERT,0
1596,2026-10-01T20:15:24,0.4760,ALERT,0
1597,2026-10-01T20:15:24,0.4696,ALERT,0
1598,2026-10-01T20:15:24,0.3649,ALERT,0
1599,2026-10-01T20:15:24,0.3563,ALERT,0
1600,2026-10-01T20:15:24,0.1769,EYES CLOSED,0
1601,2026-10-01T20:15:24,0.0804,EYES CLOSED,0
1602,2026-10-01T20:15:24,0.0904,EYES CLOSED,0
1603,2026-10-01T20:15:24,0.0806,EYES CLOSED,0
1604,2026-10-01T20:15:24,0.1137,EYES CLOSED,0
1605,2026-10-01T20:15:24,0.1404,EYES CLOSED,0
1606,2026-10-01T20:15:24,0.1305,EYES CLOSED,0
1607,2026-10-01T20:15:24,0.1330,EYES CLOSED,0
1608,2026-10-01T20:15:24,0.1831,EYES CLOSED,0
1609,2026-10-01T20:15:24,0.1729,EYES CLOSED,0
1610,2026-10-01T20:15:24,0.1185,EYES CLOSED,0
1611,2026-10-01T20:15:24,0.1266,EYES CLOSED,0
1612,2026-10-01T20:15:24,0.1282,EYES CLOSED,0
1613,2026-10-01T20:15:24,0.1694,EYES CLOSED,0
1614,2026-10-01T20:15:24,0.1908,EYES CLOSED,0
1615,2026-10-01T20:15:24,0.2203,EYES CLOSED,0
1616,2026-10-01T20:15:24,0.2082,EYES CLOSED,0
1617,2026-10-01T20:15:24,0.2973,ALERT,0
1618,2026-10-01T20:15:24,0.2859,ALERT,0
1619,2026-10-01T20:15:24,0.2818,ALERT,0
1620,2026-10-01T20:15:24,0.2613,ALERT,0
1621,2026-10-01T20:15:24,0.2511,ALERT,0
1622,2026-10-01T20:15:25,0.2731,ALERT,0
1623,2026-10-01T20:15:25,0.2763,ALERT,0
1624,2026-10-01T20:15:25,0.2779,ALERT,0
1625,2026-10-01T20:15:25,0.2827,ALERT,0
1626,2026-10-01T20:15:25,0.2936,ALERT,0
1627,2026-10-01T20:15:25,0.2821,ALERT,0
1628,2026-10-01T20:15:25,0.2661,ALERT,0
1629,2026-10-01T20:15:25,0.2644,ALERT,0
1630,2026-10-01T20:15:25,0.2819,ALERT,0
1631,2026-10-01T20:15:25,0.2699,ALERT,0
1632,2026-10-01T20:15:25,0.2688,ALERT,0
1633,2026-10-01T20:15:25,0.2733,ALERT,0
1634,2026-10-01T20:15:25,0.2659,ALERT,0
1635,2026-10-01T20:15:25,0.2476,EYES CLOSED,0
1636,2026-10-01T20:15:25,0.2388,EYES CLOSED,0
1637,2026-10-01T20:15:25,0.2506,ALERT,0
1638,2026-10-01T20:15:25,0.2525,ALERT,0
1639,2026-10-01T20:15:25,0.2532,ALERT,0
1640,2026-10-01T20:15:25,0.1405,EYES CLOSED,0
1641,2026-10-01T20:15:25,0.0580,EYES CLOSED,0
1642,2026-10-01T20:15:25,0.0649,EYES CLOSED,0
1643,2026-10-01T20:15:25,0.0678,EYES CLOSED,0
1644,2026-10-01T20:15:25,0.0826,EYES CLOSED,0
1645,2026-10-01T20:15:25,0.1207,EYES CLOSED,0
1646,2026-10-01T20:15:25,0.1593,EYES CLOSED,0
1647,2026-10-01T20:15:25,0.1916,EYES CLOSED,0
1648,2026-10-01T20:15:25,0.2061,EYES CLOSED,0
1649,2026-10-01T20:15:25,0.2074,EYES CLOSED,0
1650,2026-10-01T20:15:25,0.2131,EYES CLOSED,0
1651,2026-10-01T20:15:26,0.2190,EYES CLOSED,0
1652,2026-10-01T20:15:26,0.2242,EYES CLOSED,0
1653,2026-10-01T20:15:26,0.2304,EYES CLOSED,0
1654,2026-10-01T20:15:26,0.2285,EYES CLOSED,0
1655,2026-10-01T20:15:26,0.2265,EYES CLOSED,0
1656,2026-10-01T20:15:26,0.2381,EYES CLOSED,0
1657,2026-10-01T20:15:26,0.2490,EYES CLOSED,0
1658,2026-10-01T20:15:26,0.2617,ALERT,0
1659,2026-10-01T20:15:26,0.2531,ALERT,0
1660,2026-10-01T20:15:26,0.2510,ALERT,0
1661,2026-10-01T20:15:26,0.2480,EYES CLOSED,0
1662,2026-10-01T20:15:26,0.2463,EYES CLOSED,0
1663,2026-10-01T20:15:26,0.2533,ALERT,0
1664,2026-10-01T20:15:26,0.2500,EYES CLOSED,0
1665,2026-10-01T20:15:26,0.2520,ALERT,0
1666,2026-10-01T20:15:26,0.2465,EYES CLOSED,0
1667,2026-10-01T20:15:26,0.2455,EYES CLOSED,0
1668,2026-10-01T20:15:26,0.2455,EYES CLOSED,0
1669,2026-10-01T20:15:26,0.2471,EYES CLOSED,0
1670,2026-10-01T20:15:26,0.2298,EYES CLOSED,0
1671,2026-10-01T20:15:26,0.2225,EYES CLOSED,0
1672,2026-10-01T20:15:26,0.2028,EYES CLOSED,0
1673,2026-10-01T20:15:26,0.2036,EYES CLOSED,0
1674,2026-10-01T20:15:26,0.2045,EYES CLOSED,0
1675,2026-10-01T20:15:26,0.2077,EYES CLOSED,0
1676,2026-10-01T20:15:26,0.1907,EYES CLOSED,0
1677,2026-10-01T20:15:26,0.1798,EYES CLOSED,0
1678,2026-10-01T20:15:26,0.1873,EYES CLOSED,0
1679,2026-10-01T20:15:26,0.1675,EYES CLOSED,0
1680,2026-10-01T20:15:26,0.1295,EYES CLOSED,0
1681,2026-10-01T20:15:27,0.0726,EYES CLOSED,0
1682,2026-10-01T20:15:27,0.0424,EYES CLOSED,0
1683,2026-10-01T20:15:27,0.0513,EYES CLOSED,0
1684,2026-10-01T20:15:27,0.0826,EYES CLOSED,0
1685,2026-10-01T20:15:27,0.1514,DROWSY,1
1686,2026-10-01T20:15:27,0.2111,DROWSY,0
1687,2026-10-01T20:15:27,0.2558,ALERT,0
1688,2026-10-01T20:15:27,0.2867,ALERT,0
1689,2026-10-01T20:15:27,0.2892,ALERT,0
1690,2026-10-01T20:15:27,0.2929,ALERT,0
1691,2026-10-01T20:15:27,0.3079,ALERT,0
1692,2026-10-01T20:15:27,0.3054,ALERT,0
1693,2026-10-01T20:15:27,0.3074,ALERT,0
1694,2026-10-01T20:15:27,0.3000,ALERT,0
1695,2026-10-01T20:15:27,0.2941,ALERT,0
1696,2026-10-01T20:15:27,0.2922,ALERT,0
1697,2026-10-01T20:15:27,0.2913,ALERT,0
1698,2026-10-01T20:15:27,0.2963,ALERT,0
1699,2026-10-01T20:15:27,0.2935,ALERT,0
1700,2026-10-01T20:15:27,0.2962,ALERT,0
1701,2026-10-01T20:15:27,0.2963,ALERT,0
1702,2026-10-01T20:15:27,0.2966,ALERT,0
1703,2026-10-01T20:15:27,0.3084,ALERT,0
1704,2026-10-01T20:15:27,0.3128,ALERT,0
1705,2026-10-01T20:15:27,0.3205,ALERT,0
1706,2026-10-01T20:15:27,0.3156,ALERT,0
1707,2026-10-01T20:15:27,0.3182,ALERT,0
1708,2026-10-01T20:15:27,0.3164,ALERT,0
1709,2026-10-01T20:15:27,0.3147,ALERT,0
1710,2026-10-01T20:15:28,0.3233,ALERT,0
1711,2026-10-01T20:15:28,0.3145,ALERT,0
1712,2026-10-01T20:15:28,0.3041,ALERT,0
1713,2026-10-01T20:15:28,0.3027,ALERT,0
1714,2026-10-01T20:15:28,0.3085,ALERT,0
1715,2026-10-01T20:15:28,0.2772,ALERT,0
1716,2026-10-01T20:15:28,0.1757,EYES CLOSED,0
1717,2026-10-01T20:15:28,0.1388,EYES CLOSED,0
1718,2026-10-01T20:15:28,0.2639,ALERT,0
1719,2026-10-01T20:15:28,0.3110,ALERT,0
1720,2026-10-01T20:15:28,0.3181,ALERT,0
1721,2026-10-01T20:15:28,0.3179,ALERT,0
1722,2026-10-01T20:15:28,0.3193,ALERT,0
1723,2026-10-01T20:15:28,0.3240,ALERT,0
1724,2026-10-01T20:15:28,0.3368,ALERT,0
1725,2026-10-01T20:15:28,0.3357,ALERT,0
1726,2026-10-01T20:15:28,0.3318,ALERT,0
1727,2026-10-01T20:15:28,0.3370,ALERT,0
1728,2026-10-01T20:15:28,0.3367,ALERT,0
1729,2026-10-01T20:15:28,0.3339,ALERT,0
1730,2026-10-01T20:15:28,0.3488,ALERT,0
1731,2026-10-01T20:15:28,0.3489,ALERT,0
1732,2026-10-01T20:15:28,0.3046,ALERT,0
1733,2026-10-01T20:15:28,0.2833,ALERT,0
1734,2026-10-01T20:15:28,0.2841,ALERT,0
1735,2026-10-01T20:15:28,0.2829,ALERT,0
1736,2026-10-01T20:15:28,0.2921,ALERT,0
1737,2026-10-01T20:15:28,0.3024,ALERT,0
1738,2026-10-01T20:15:28,0.2988,ALERT,0
1739,2026-10-01T20:15:28,0.3047,ALERT,0
1740,2026-10-01T20:15:28,0.2961,ALERT,0
1741,2026-10-01T20:15:28,0.2956,ALERT,0
1742,2026-10-01T20:15:29,0.2981,ALERT,0
1743,2026-10-01T20:15:29,0.3099,ALERT,0
1744,2026-10-01T20:15:29,0.2993,ALERT,0
1745,2026-10-01T20:15:29,0.2769,ALERT,0
1746,2026-10-01T20:15:29,0.2777,ALERT,0
1747,2026-10-01T20:15:29,0.2700,ALERT,0
1748,2026-10-01T20:15:29,0.2663,ALERT,0
1749,2026-10-01T20:15:29,0.2563,ALERT,0
1750,2026-10-01T20:15:29,0.2688,ALERT,0
1751,2026-10-01T20:15:29,0.2678,ALERT,0
1752,2026-10-01T20:15:29,0.2592,ALERT,0
1753,2026-10-01T20:15:29,0.2557,ALERT,0
1754,2026-10-01T20:15:29,0.2597,ALERT,0
1755,2026-10-01T20:15:29,0.2569,ALERT,0
1756,2026-10-01T20:15:29,0.2628,ALERT,0
1757,2026-10-01T20:15:29,0.2653,ALERT,0
1758,2026-10-01T20:15:29,0.2699,ALERT,0
1759,2026-10-01T20:15:29,0.2731,ALERT,0
1760,2026-10-01T20:15:29,0.2733,ALERT,0
1761,2026-10-01T20:15:29,0.2704,ALERT,0
1762,2026-10-01T20:15:29,0.2691,ALERT,0
1763,2026-10-01T20:15:29,0.2688,ALERT,0
1764,2026-10-01T20:15:29,0.2684,ALERT,0
1765,2026-10-01T20:15:29,0.2682,ALERT,0
1766,2026-10-01T20:15:29,0.2616,ALERT,0
1767,2026-10-01T20:15:29,0.1366,EYES CLOSED,0
1768,2026-10-01T20:15:29,0.0590,EYES CLOSED,0
1769,2026-10-01T20:15:29,0.0563,EYES CLOSED,0
1770,2026-10-01T20:15:29,0.0566,EYES CLOSED,0
1771,2026-10-01T20:15:29,0.0649,EYES CLOSED,0
1772,2026-10-01T20:15:30,0.0986,EYES CLOSED,0
1773,2026-10-01T20:15:30,0.1197,EYES CLOSED,0
1774,2026-10-01T20:15:30,0.1393,EYES CLOSED,0
1775,2026-10-01T20:15:30,0.1631,EYES CLOSED,0
1776,2026-10-01T20:15:30,0.1836,EYES CLOSED,0
1777,2026-10-01T20:15:30,0.1956,EYES CLOSED,0
1778,2026-10-01T20:15:30,0.2118,EYES CLOSED,0
1779,2026-10-01T20:15:30,0.2348,EYES CLOSED,0
1780,2026-10-01T20:15:30,0.2445,EYES CLOSED,0
1781,2026-10-01T20:15:30,0.2458,EYES CLOSED,0
1782,2026-10-01T20:15:30,0.2499,EYES CLOSED,0
1783,2026-10-01T20:15:30,0.2458,EYES CLOSED,0
1784,2026-10-01T20:15:30,0.2518,ALERT,0
1785,2026-10-01T20:15:30,0.2587,ALERT,0
1786,2026-10-01T20:15:30,0.2732,ALERT,0
1787,2026-10-01T20:15:30,0.2919,ALERT,0
1788,2026-10-01T20:15:30,0.2942,ALERT,0
1789,2026-10-01T20:15:30,0.2897,ALERT,0
1790,2026-10-01T20:15:30,0.3062,ALERT,0
1791,2026-10-01T20:15:30,0.3062,ALERT,0
1792,2026-10-01T20:15:30,0.3054,ALERT,0
1793,2026-10-01T20:15:30,0.3036,ALERT,0
1794,2026-10-01T20:15:30,0.3042,ALERT,0
1795,2026-10-01T20:15:30,0.3011,ALERT,0
1796,2026-10-01T20:15:30,0.2943,ALERT,0
1797,2026-10-01T20:15:30,0.2946,ALERT,0
1798,2026-10-01T20:15:30,0.2957,ALERT,0
1799,2026-10-01T20:15:30,0.2968,ALERT,0
1800,2026-10-01T20:15:30,0.3010,ALERT,0
1801,2026-10-01T20:15:30,0.2897,ALERT,0
1802,2026-10-01T20:15:31,0.2842,ALERT,0
1803,2026-10-01T20:15:31,0.2916,ALERT,0
1804,2026-10-01T20:15:31,0.2818,ALERT,0
1805,2026-10-01T20:15:31,0.2564,ALERT,0
1806,2026-10-01T20:15:31,0.2000,EYES CLOSED,0
1807,2026-10-01T20:15:31,0.1834,EYES CLOSED,0
1808,2026-10-01T20:15:31,0.1590,EYES CLOSED,0
1809,2026-10-01T20:15:31,0.1863,EYES CLOSED,0
1810,2026-10-01T20:15:31,0.2679,ALERT,0
1811,2026-10-01T20:15:31,0.3248,ALERT,0
1812,2026-10-01T20:15:31,0.3551,ALERT,0
1813,2026-10-01T20:15:31,0.3489,ALERT,0
1814,2026-10-01T20:15:31,0.3542,ALERT,0
1815,2026-10-01T20:15:31,0.3463,ALERT,0
1816,2026-10-01T20:15:31,0.3781,ALERT,0
1817,2026-10-01T20:15:31,0.3932,ALERT,0
1818,2026-10-01T20:15:31,0.3998,ALERT,0
1819,2026-10-01T20:15:31,0.4022,ALERT,0
1820,2026-10-01T20:15:31,0.4118,ALERT,0
1821,2026-10-01T20:15:31,0.4309,ALERT,0
1822,2026-10-01T20:15:31,0.4223,ALERT,0
1823,2026-10-01T20:15:31,0.4376,ALERT,0
1824,2026-10-01T20:15:31,0.4486,ALERT,0
1825,2026-10-01T20:15:31,0.4458,ALERT,0
1826,2026-10-01T20:15:31,0.4223,ALERT,0
1827,2026-10-01T20:15:31,0.4267,ALERT,0
1828,2026-10-01T20:15:31,0.4223,ALERT,0
1829,2026-10-01T20:15:31,0.4172,ALERT,0
1830,2026-10-01T20:15:31,0.4390,ALERT,0
1831,2026-10-01T20:15:32,0.4574,ALERT,0
1832,2026-10-01T20:15:32,0.4637,ALERT,0
1833,2026-10-01T20:15:32,0.4693,ALERT,0
1834,2026-10-01T20:15:32,0.4702,ALERT,0
1835,2026-10-01T20:15:32,0.4687,ALERT,0
1836,2026-10-01T20:15:32,0.4339,ALERT,0
1837,2026-10-01T20:15:32,0.4401,ALERT,0
1838,2026-10-01T20:15:32,0.4355,ALERT,0
1839,2026-10-01T20:15:32,0.4296,ALERT,0
1840,2026-10-01T20:15:32,0.2198,EYES CLOSED,0
1841,2026-10-01T20:15:32,0.1306,EYES CLOSED,0
1842,2026-10-01T20:15:32,0.1695,EYES CLOSED,0
1843,2026-10-01T20:15:32,0.2036,EYES CLOSED,0
1844,2026-10-01T20:15:32,0.3585,ALERT,0
1845,2026-10-01T20:15:32,0.4068,ALERT,0
1846,2026-10-01T20:15:32,0.4139,ALERT,0
1847,2026-10-01T20:15:32,0.4201,ALERT,0
1848,2026-10-01T20:15:32,0.4360,ALERT,0
1849,2026-10-01T20:15:32,0.4453,ALERT,0
1850,2026-10-01T20:15:32,0.4308,ALERT,0
1851,2026-10-01T20:15:32,0.4409,ALERT,0
1852,2026-10-01T20:15:32,0.4390,ALERT,0
1853,2026-10-01T20:15:32,0.4348,ALERT,0
1854,2026-10-01T20:15:32,0.4403,ALERT,0
1855,2026-10-01T20:15:32,0.4433,ALERT,0
1856,2026-10-01T20:15:32,0.4398,ALERT,0
1857,2026-10-01T20:15:32,0.4589,ALERT,0
1858,2026-10-01T20:15:32,0.4562,ALERT,0
1859,2026-10-01T20:15:32,0.4490,ALERT,0
1860,2026-10-01T20:15:32,0.4471,ALERT,0
1861,2026-10-01T20:15:33,0.4360,ALERT,0
1862,2026-10-01T20:15:33,0.4331,ALERT,0
1863,2026-10-01T20:15:33,0.4371,ALERT,0
1864,2026-10-01T20:15:33,0.4130,ALERT,0
1865,2026-10-01T20:15:33,0.4049,ALERT,0
1866,2026-10-01T20:15:33,0.3979,ALERT,0
1867,2026-10-01T20:15:33,0.3930,ALERT,0
1868,2026-10-01T20:15:33,0.3887,ALERT,0
1869,2026-10-01T20:15:33,0.3958,ALERT,0
1870,2026-10-01T20:15:33,0.3872,ALERT,0
1871,2026-10-01T20:15:33,0.3868,ALERT,0
1872,2026-10-01T20:15:33,0.3927,ALERT,0
1873,2026-10-01T20:15:33,0.4151,ALERT,0
1874,2026-10-01T20:15:33,0.4097,ALERT,0
1875,2026-10-01T20:15:33,0.4008,ALERT,0
1876,2026-10-01T20:15:33,0.3939,ALERT,0
1877,2026-10-01T20:15:33,0.3897,ALERT,0
1878,2026-10-01T20:15:33,0.3863,ALERT,0
1879,2026-10-01T20:15:33,0.3943,ALERT,0
1880,2026-10-01T20:15:33,0.3957,ALERT,0
1881,2026-10-01T20:15:33,0.3985,ALERT,0
1882,2026-10-01T20:15:33,0.3992,ALERT,0
1883,2026-10-01T20:15:33,0.3963,ALERT,0
1884,2026-10-01T20:15:33,0.3972,ALERT,0
1885,2026-10-01T20:15:33,0.3979,ALERT,0
1886,2026-10-01T20:15:33,0.4024,ALERT,0
1887,2026-10-01T20:15:33,0.3880,ALERT,0
1888,2026-10-01T20:15:33,0.3761,ALERT,0
1889,2026-10-01T20:15:33,0.3811,ALERT,0
1890,2026-10-01T20:15:33,0.3935,ALERT,0
1891,2026-10-01T20:15:34,0.3906,ALERT,0
1892,2026-10-01T20:15:34,0.3922,ALERT,0
1893,2026-10-01T20:15:34,0.3866,ALERT,0
1894,2026-10-01T20:15:34,0.3827,ALERT,0
1895,2026-10-01T20:15:34,0.3821,ALERT,0
1896,2026-10-01T20:15:34,0.2766,ALERT,0
1897,2026-10-01T20:15:34,0.1913,EYES CLOSED,0
1898,2026-10-01T20:15:34,0.1404,EYES CLOSED,0
1899,2026-10-01T20:15:34,0.1280,EYES CLOSED,0
1900,2026-10-01T20:15:34,0.1315,EYES CLOSED,0
1901,2026-10-01T20:15:34,0.1192,EYES CLOSED,0
1902,2026-10-01T20:15:34,0.1634,EYES CLOSED,0
1903,2026-10-01T20:15:34,0.1874,EYES CLOSED,0
1904,2026-10-01T20:15:34,0.1940,EYES CLOSED,0
1905,2026-10-01T20:15:34,0.2154,EYES CLOSED,0
1906,2026-10-01T20:15:34,0.2296,EYES CLOSED,0
1907,2026-10-01T20:15:34,0.2457,EYES CLOSED,0
1908,2026-10-01T20:15:34,0.2593,ALERT,0
1909,2026-10-01T20:15:34,0.2479,EYES CLOSED,0
1910,2026-10-01T20:15:34,0.2463,EYES CLOSED,0
1911,2026-10-01T20:15:34,0.2438,EYES CLOSED,0
1912,2026-10-01T20:15:34,0.2400,EYES CLOSED,0
1913,2026-10-01T20:15:34,0.2444,EYES CLOSED,0
1914,2026-10-01T20:15:34,0.2521,ALERT,0
1915,2026-10-01T20:15:34,0.2573,ALERT,0
1916,2026-10-01T20:15:34,0.2580,ALERT,0
1917,2026-10-01T20:15:34,0.2528,ALERT,0
1918,2026-10-01T20:15:34,0.2727,ALERT,0
1919,2026-10-01T20:15:34,0.2856,ALERT,0
1920,2026-10-01T20:15:34,0.2957,ALERT,0
1921,2026-10-01T20:15:35,0.2948,ALERT,0
1922,2026-10-01T20:15:35,0.3011,ALERT,0
1923,2026-10-01T20:15:35,0.2983,ALERT,0
1924,2026-10-01T20:15:35,0.3106,ALERT,0
1925,2026-10-01T20:15:35,0.3141,ALERT,0
1926,2026-10-01T20:15:35,0.3149,ALERT,0
1927,2026-10-01T20:15:35,0.3115,ALERT,0
1928,2026-10-01T20:15:35,0.3048,ALERT,0
1929,2026-10-01T20:15:35,0.2953,ALERT,0
1930,2026-10-01T20:15:35,0.2941,ALERT,0
1931,2026-10-01T20:15:35,0.2923,ALERT,0
1932,2026-10-01T20:15:35,0.2778,ALERT,0
1933,2026-10-01T20:15:35,0.1179,EYES CLOSED,0
1934,2026-10-01T20:15:35,0.0772,EYES CLOSED,0
1935,2026-10-01T20:15:35,0.1049,EYES CLOSED,0
1936,2026-10-01T20:15:35,0.1312,EYES CLOSED,0
1937,2026-10-01T20:15:35,0.1789,EYES CLOSED,0
1938,2026-10-01T20:15:35,0.2264,EYES CLOSED,0
1939,2026-10-01T20:15:35,0.2583,ALERT,0
1940,2026-10-01T20:15:35,0.2863,ALERT,0
1941,2026-10-01T20:15:35,0.2877,ALERT,0
1942,2026-10-01T20:15:35,0.2870,ALERT,0
1943,2026-10-01T20:15:35,0.2873,ALERT,0
1944,2026-10-01T20:15:35,0.2885,ALERT,0
1945,2026-10-01T20:15:35,0.3045,ALERT,0
1946,2026-10-01T20:15:35,0.3057,ALERT,0
1947,2026-10-01T20:15:35,0.3287,ALERT,0
1948,2026-10-01T20:15:35,0.3256,ALERT,0
1949,2026-10-01T20:15:35,0.3246,ALERT,0
1950,2026-10-01T20:15:35,0.3180,ALERT,0
1951,2026-10-01T20:15:36,0.3160,ALERT,0
1952,2026-10-01T20:15:36,0.3021,ALERT,0
1953,2026-10-01T20:15:36,0.3002,ALERT,0
1954,2026-10-01T20:15:36,0.2950,ALERT,0
1955,2026-10-01T20:15:36,0.3023,ALERT,0
1956,2026-10-01T20:15:36,0.2967,ALERT,0
1957,2026-10-01T20:15:36,0.2997,ALERT,0
1958,2026-10-01T20:15:36,0.3031,ALERT,0
1959,2026-10-01T20:15:36,0.3070,ALERT,0
1960,2026-10-01T20:15:36,0.3108,ALERT,0
1961,2026-10-01T20:15:36,0.3158,ALERT,0
1962,2026-10-01T20:15:36,0.3217,ALERT,0
1963,2026-10-01T20:15:36,0.3174,ALERT,0
1964,2026-10-01T20:15:36,0.3139,ALERT,0
1965,2026-10-01T20:15:36,0.3159,ALERT,0
1966,2026-10-01T20:15:36,0.3390,ALERT,0
1967,2026-10-01T20:15:36,0.3346,ALERT,0
1968,2026-10-01T20:15:36,0.3212,ALERT,0
1969,2026-10-01T20:15:36,0.3231,ALERT,0
1970,2026-10-01T20:15:36,0.3160,ALERT,0
1971,2026-10-01T20:15:36,0.3226,ALERT,0
1972,2026-10-01T20:15:36,0.3217,ALERT,0
1973,2026-10-01T20:15:36,0.3219,ALERT,0
1974,2026-10-01T20:15:36,0.3227,ALERT,0
1975,2026-10-01T20:15:36,0.3174,ALERT,0
1976,2026-10-01T20:15:36,0.3209,ALERT,0
1977,2026-10-01T20:15:36,0.3268,ALERT,0
1978,2026-10-01T20:15:36,0.3272,ALERT,0
1979,2026-10-01T20:15:36,0.3257,ALERT,0
1980,2026-10-01T20:15:36,0.3260,ALERT,0
1981,2026-10-01T20:15:37,0.3205,ALERT,0
1982,2026-10-01T20:15:37,0.3192,ALERT,0
1983,2026-10-01T20:15:37,0.3186,ALERT,0
1984,2026-10-01T20:15:37,0.3182,ALERT,0
1985,2026-10-01T20:15:37,0.3140,ALERT,0
1986,2026-10-01T20:15:37,0.3128,ALERT,0
1987,2026-10-01T20:15:37,0.3117,ALERT,0
1988,2026-10-01T20:15:37,0.3069,ALERT,0
1989,2026-10-01T20:15:37,0.3038,ALERT,0
1990,2026-10-01T20:15:37,0.3054,ALERT,0
1991,2026-10-01T20:15:37,0.3069,ALERT,0
1992,2026-10-01T20:15:37,0.3064,ALERT,0
1993,2026-10-01T20:15:37,0.3072,ALERT,0
1994,2026-10-01T20:15:37,0.3061,ALERT,0
1995,2026-10-01T20:15:37,0.3043,ALERT,0
1996,2026-10-01T20:15:37,0.3040,ALERT,0
1997,2026-10-01T20:15:37,0.3061,ALERT,0
1998,2026-10-01T20:15:37,0.3044,ALERT,0
1999,2026-10-01T20:15:37,0.3076,ALERT,0
2000,2026-10-01T20:15:37,0.3021,ALERT,0
2001,2026-10-01T20:15:37,0.2996,ALERT,0
2002,2026-10-01T20:15:37,0.2991,ALERT,0
2003,2026-10-01T20:15:37,0.3020,ALERT,0
2004,2026-10-01T20:15:38,0.3081,ALERT,0
2005,2026-10-01T20:15:38,0.3040,ALERT,0
2006,2026-10-01T20:15:38,0.3091,ALERT,0
2007,2026-10-01T20:15:38,0.3194,ALERT,0
2008,2026-10-01T20:15:38,0.3197,ALERT,0
2009,2026-10-01T20:15:38,0.3201,ALERT,0
2010,2026-10-01T20:15:38,0.3185,ALERT,0
2011,2026-10-01T20:15:38,0.3177,ALERT,0
2012,2026-10-01T20:15:38,0.3163,ALERT,0
2013,2026-10-01T20:15:38,0.1786,EYES CLOSED,0
2014,2026-10-01T20:15:38,0.0557,EYES CLOSED,0
2015,2026-10-01T20:15:38,0.0744,EYES CLOSED,0
2016,2026-10-01T20:15:38,0.0977,EYES CLOSED,0
2017,2026-10-01T20:15:38,0.1244,EYES CLOSED,0
2018,2026-10-01T20:15:38,0.1587,EYES CLOSED,0
2019,2026-10-01T20:15:38,0.1857,EYES CLOSED,0
2020,2026-10-01T20:15:38,0.2147,EYES CLOSED,0
2021,2026-10-01T20:15:38,0.2335,EYES CLOSED,0
2022,2026-10-01T20:15:38,0.2442,EYES CLOSED,0
2023,2026-10-01T20:15:38,0.2449,EYES CLOSED,0
2024,2026-10-01T20:15:38,0.2504,ALERT,0
2025,2026-10-01T20:15:38,0.2528,ALERT,0
2026,2026-10-01T20:15:38,0.2550,ALERT,0
2027,2026-10-01T20:15:38,0.2591,ALERT,0
2028,2026-10-01T20:15:38,0.2649,ALERT,0
2029,2026-10-01T20:15:38,0.2656,ALERT,0
2030,2026-10-01T20:15:38,0.2679,ALERT,0
2031,2026-10-01T20:15:38,0.2719,ALERT,0
2032,2026-10-01T20:15:38,0.2747,ALERT,0
2033,2026-10-01T20:15:38,0.2750,ALERT,0
2034,2026-10-01T20:15:38,0.2751,ALERT,0
2035,2026-10-01T20:15:39,0.2818,ALERT,0
2036,2026-10-01T20:15:39,0.2917,ALERT,0
2037,2026-10-01T20:15:39,0.2966,ALERT,0
2038,2026-10-01T20:15:39,0.2964,ALERT,0
2039,2026-10-01T20:15:39,0.2978,ALERT,0
2040,2026-10-01T20:15:39,0.2985,ALERT,0
2041,2026-10-01T20:15:39,0.3016,ALERT,0
2042,2026-10-01T20:15:39,0.3027,ALERT,0
2043,2026-10-01T20:15:39,0.3019,ALERT,0
2044,2026-10-01T20:15:39,0.3010,ALERT,0
2045,2026-10-01T20:15:39,0.3005,ALERT,0
2046,2026-10-01T20:15:39,0.3003,ALERT,0
2047,2026-10-01T20:15:39,0.2980,ALERT,0
2048,2026-10-01T20:15:39,0.2984,ALERT,0
2049,2026-10-01T20:15:39,0.2985,ALERT,0
2050,2026-10-01T20:15:39,0.2975,ALERT,0
2051,2026-10-01T20:15:39,0.2988,ALERT,0
2052,2026-10-01T20:15:39,0.3015,ALERT,0
2053,2026-10-01T20:15:39,0.2979,ALERT,0
2054,2026-10-01T20:15:39,0.2978,ALERT,0
2055,2026-10-01T20:15:39,0.2970,ALERT,0
2056,2026-10-01T20:15:39,0.2972,ALERT,0
2057,2026-10-01T20:15:39,0.2987,ALERT,0
2058,2026-10-01T20:15:39,0.2971,ALERT,0
2059,2026-10-01T20:15:39,0.2771,ALERT,0
2060,2026-10-01T20:15:39,0.0935,EYES CLOSED,0
2061,2026-10-01T20:15:39,0.0519,EYES CLOSED,0
2062,2026-10-01T20:15:39,0.0467,EYES CLOSED,0
2063,2026-10-01T20:15:39,0.0682,EYES CLOSED,0
2064,2026-10-01T20:15:39,0.0886,EYES CLOSED,0
2065,2026-10-01T20:15:40,0.1053,EYES CLOSED,0
2066,2026-10-01T20:15:40,0.1362,EYES CLOSED,0
2067,2026-10-01T20:15:40,0.1706,EYES CLOSED,0
2068,2026-10-01T20:15:40,0.1962,EYES CLOSED,0
2069,2026-10-01T20:15:40,0.2151,EYES CLOSED,0
2070,2026-10-01T20:15:40,0.2320,EYES CLOSED,0
2071,2026-10-01T20:15:40,0.2425,EYES CLOSED,0
2072,2026-10-01T20:15:40,0.2473,EYES CLOSED,0
2073,2026-10-01T20:15:40,0.2529,ALERT,0
2074,2026-10-01T20:15:40,0.2543,ALERT,0
2075,2026-10-01T20:15:40,0.2572,ALERT,0
2076,2026-10-01T20:15:40,0.2621,ALERT,0
2077,2026-10-01T20:15:40,0.2579,ALERT,0
2078,2026-10-01T20:15:40,0.2601,ALERT,0
2079,2026-10-01T20:15:40,0.2626,ALERT,0
2080,2026-10-01T20:15:40,0.2694,ALERT,0
2081,2026-10-01T20:15:40,0.2837,ALERT,0
2082,2026-10-01T20:15:40,0.2862,ALERT,0
2083,2026-10-01T20:15:40,0.2836,ALERT,0
2084,2026-10-01T20:15:40,0.2785,ALERT,0
2085,2026-10-01T20:15:40,0.2789,ALERT,0
2086,2026-10-01T20:15:40,0.2832,ALERT,0
2087,2026-10-01T20:15:40,0.2848,ALERT,0
2088,2026-10-01T20:15:40,0.2950,ALERT,0
2089,2026-10-01T20:15:40,0.2981,ALERT,0
2090,2026-10-01T20:15:40,0.2997,ALERT,0
2091,2026-10-01T20:15:40,0.3004,ALERT,0
2092,2026-10-01T20:15:40,0.3040,ALERT,0
2093,2026-10-01T20:15:40,0.3062,ALERT,0
2094,2026-10-01T20:15:40,0.3058,ALERT,0
2095,2026-10-01T20:15:41,0.3059,ALERT,0
2096,2026-10-01T20:15:41,0.3023,ALERT,0
2097,2026-10-01T20:15:41,0.2967,ALERT,0
2098,2026-10-01T20:15:41,0.2983,ALERT,0
2099,2026-10-01T20:15:41,0.3000,ALERT,0
2100,2026-10-01T20:15:41,0.3010,ALERT,0
2101,2026-10-01T20:15:41,0.3022,ALERT,0
2102,2026-10-01T20:15:41,0.3080,ALERT,0
2103,2026-10-01T20:15:41,0.3044,ALERT,0
2104,2026-10-01T20:15:41,0.3110,ALERT,0
2105,2026-10-01T20:15:41,0.3071,ALERT,0
2106,2026-10-01T20:15:41,0.3052,ALERT,0
2107,2026-10-01T20:15:41,0.3036,ALERT,0
2108,2026-10-01T20:15:41,0.3039,ALERT,0
2109,2026-10-01T20:15:41,0.3066,ALERT,0
2110,2026-10-01T20:15:41,0.3044,ALERT,0
2111,2026-10-01T20:15:41,0.3055,ALERT,0
2112,2026-10-01T20:15:41,0.3043,ALERT,0
2113,2026-10-01T20:15:41,0.3051,ALERT,0
2114,2026-10-01T20:15:41,0.3037,ALERT,0
2115,2026-10-01T20:15:41,0.3071,ALERT,0
2116,2026-10-01T20:15:41,0.3067,ALERT,0
2117,2026-10-01T20:15:41,0.3070,ALERT,0
2118,2026-10-01T20:15:41,0.3071,ALERT,0
2119,2026-10-01T20:15:41,0.3074,ALERT,0
2120,2026-10-01T20:15:41,0.3025,ALERT,0
2121,2026-10-01T20:15:42,0.3067,ALERT,0
2122,2026-10-01T20:15:42,0.3064,ALERT,0
2123,2026-10-01T20:15:42,0.3059,ALERT,0
2124,2026-10-01T20:15:42,0.3051,ALERT,0
2125,2026-10-01T20:15:42,0.3048,ALERT,0
2126,2026-10-01T20:15:42,0.3035,ALERT,0
2127,2026-10-01T20:15:42,0.3025,ALERT,0
2128,2026-10-01T20:15:42,0.3020,ALERT,0
2129,2026-10-01T20:15:42,0.3089,ALERT,0
2130,2026-10-01T20:15:42,0.3060,ALERT,0
2131,2026-10-01T20:15:42,0.2902,ALERT,0
2132,2026-10-01T20:15:42,0.2321,EYES CLOSED,0
2133,2026-10-01T20:15:42,0.2174,EYES CLOSED,0
2134,2026-10-01T20:15:42,0.2259,EYES CLOSED,0
2135,2026-10-01T20:15:42,0.2344,EYES CLOSED,0
2136,2026-10-01T20:15:42,0.2388,EYES CLOSED,0
2137,2026-10-01T20:15:42,0.2393,EYES CLOSED,0
2138,2026-10-01T20:15:42,0.2509,ALERT,0
2139,2026-10-01T20:15:42,0.2468,EYES CLOSED,0
2140,2026-10-01T20:15:42,0.2473,EYES CLOSED,0
2141,2026-10-01T20:15:42,0.2528,ALERT,0
2142,2026-10-01T20:15:42,0.2531,ALERT,0
2143,2026-10-01T20:15:42,0.2580,ALERT,0
2144,2026-10-01T20:15:42,0.2609,ALERT,0
2145,2026-10-01T20:15:42,0.2698,ALERT,0
2146,2026-10-01T20:15:42,0.2794,ALERT,0
2147,2026-10-01T20:15:42,0.2766,ALERT,0
2148,2026-10-01T20:15:42,0.2763,ALERT,0
2149,2026-10-01T20:15:42,0.2689,ALERT,0
2150,2026-10-01T20:15:42,0.1313,EYES CLOSED,0
2151,2026-10-01T20:15:42,0.0657,EYES CLOSED,0
2152,2026-10-01T20:15:42,0.0813,EYES CLOSED,0
2153,2026-10-01T20:15:43,0.2715,ALERT,0
2154,2026-10-01T20:15:43,0.3180,ALERT,0
2155,2026-10-01T20:15:43,0.3217,ALERT,0
2156,2026-10-01T20:15:43,0.3254,ALERT,0
2157,2026-10-01T20:15:43,0.3146,ALERT,0
2158,2026-10-01T20:15:43,0.3186,ALERT,0
2159,2026-10-01T20:15:43,0.3203,ALERT,0
2160,2026-10-01T20:15:43,0.3346,ALERT,0
2161,2026-10-01T20:15:43,0.3344,ALERT,0
2162,2026-10-01T20:15:43,0.3296,ALERT,0
2163,2026-10-01T20:15:43,0.3360,ALERT,0
2164,2026-10-01T20:15:43,0.3260,ALERT,0
2165,2026-10-01T20:15:43,0.3316,ALERT,0
2166,2026-10-01T20:15:43,0.3303,ALERT,0
2167,2026-10-01T20:15:43,0.3560,ALERT,0
2168,2026-10-01T20:15:43,0.3610,ALERT,0
2169,2026-10-01T20:15:43,0.3648,ALERT,0
2170,2026-10-01T20:15:43,0.3684,ALERT,0
2171,2026-10-01T20:15:43,0.3157,ALERT,0
2172,2026-10-01T20:15:43,0.1093,EYES CLOSED,0
2173,2026-10-01T20:15:43,0.0760,EYES CLOSED,0
2174,2026-10-01T20:15:43,0.1161,EYES CLOSED,0
2175,2026-10-01T20:15:43,0.2229,EYES CLOSED,0
2176,2026-10-01T20:15:43,0.2892,ALERT,0
2177,2026-10-01T20:15:43,0.3191,ALERT,0
2178,2026-10-01T20:15:43,0.3395,ALERT,0
2179,2026-10-01T20:15:43,0.3424,ALERT,0
2180,2026-10-01T20:15:43,0.3397,ALERT,0
2181,2026-10-01T20:15:43,0.3584,ALERT,0
2182,2026-10-01T20:15:44,0.3627,ALERT,0
2183,2026-10-01T20:15:44,0.3604,ALERT,0
2184,2026-10-01T20:15:44,0.3546,ALERT,0
2185,2026-10-01T20:15:44,0.3544,ALERT,0
2186,2026-10-01T20:15:44,0.3500,ALERT,0
2187,2026-10-01T20:15:44,0.3547,ALERT,0
2188,2026-10-01T20:15:44,0.3534,ALERT,0
2189,2026-10-01T20:15:44,0.3179,ALERT,0
2190,2026-10-01T20:15:44,0.3052,ALERT,0
2191,2026-10-01T20:15:44,0.3468,ALERT,0
2192,2026-10-01T20:15:44,0.3459,ALERT,0
2193,2026-10-01T20:15:44,0.3527,ALERT,0
2194,2026-10-01T20:15:44,0.3531,ALERT,0
2195,2026-10-01T20:15:44,0.3452,ALERT,0
2196,2026-10-01T20:15:44,0.3596,ALERT,0
2197,2026-10-01T20:15:44,0.3551,ALERT,0
2198,2026-10-01T20:15:44,0.3601,ALERT,0
2199,2026-10-01T20:15:44,0.3502,ALERT,0
2200,2026-10-01T20:15:44,0.3556,ALERT,0
2201,2026-10-01T20:15:44,0.3632,ALERT,0
2202,2026-10-01T20:15:44,0.3604,ALERT,0
2203,2026-10-01T20:15:44,0.3503,ALERT,0
2204,2026-10-01T20:15:44,0.3493,ALERT,0
2205,2026-10-01T20:15:44,0.3452,ALERT,0
2206,2026-10-01T20:15:44,0.3437,ALERT,0
2207,2026-10-01T20:15:44,0.3410,ALERT,0
2208,2026-10-01T20:15:44,0.3344,ALERT,0
2209,2026-10-01T20:15:44,0.3349,ALERT,0
2210,2026-10-01T20:15:44,0.3295,ALERT,0
2211,2026-10-01T20:15:44,0.3311,ALERT,0
2212,2026-10-01T20:15:45,0.3282,ALERT,0
2213,2026-10-01T20:15:45,0.3261,ALERT,0
2214,2026-10-01T20:15:45,0.3234,ALERT,0
2215,2026-10-01T20:15:45,0.3165,ALERT,0
2216,2026-10-01T20:15:45,0.3193,ALERT,0
2217,2026-10-01T20:15:45,0.3115,ALERT,0
2218,2026-10-01T20:15:45,0.3167,ALERT,0
2219,2026-10-01T20:15:45,0.3095,ALERT,0
2220,2026-10-01T20:15:45,0.3040,ALERT,0
2221,2026-10-01T20:15:45,0.3004,ALERT,0
2222,2026-10-01T20:15:45,0.2943,ALERT,0
2223,2026-10-01T20:15:45,0.2781,ALERT,0
2224,2026-10-01T20:15:45,0.2606,ALERT,0
2225,2026-10-01T20:15:45,0.2509,ALERT,0
2226,2026-10-01T20:15:45,0.2358,EYES CLOSED,0
2227,2026-10-01T20:15:45,0.2178,EYES CLOSED,0
2228,2026-10-01T20:15:45,0.2246,EYES CLOSED,0
2229,2026-10-01T20:15:45,0.2464,EYES CLOSED,0
2230,2026-10-01T20:15:45,0.1874,EYES CLOSED,0
2231,2026-10-01T20:15:45,0.1765,EYES CLOSED,0
2232,2026-10-01T20:15:45,0.1775,EYES CLOSED,0
2233,2026-10-01T20:15:45,0.1731,EYES CLOSED,0
2234,2026-10-01T20:15:45,0.1816,EYES CLOSED,0
2235,2026-10-01T20:15:45,0.1822,EYES CLOSED,0
2236,2026-10-01T20:15:45,0.1782,EYES CLOSED,0
2237,2026-10-01T20:15:45,0.1834,EYES CLOSED,0
2238,2026-10-01T20:15:45,0.1857,EYES CLOSED,0
2239,2026-10-01T20:15:45,0.1876,EYES CLOSED,0
2240,2026-10-01T20:15:45,0.1618,EYES CLOSED,0
2241,2026-10-01T20:15:45,0.1595,EYES CLOSED,0
2242,2026-10-01T20:15:46,0.1760,EYES CLOSED,0
2243,2026-10-01T20:15:46,0.1729,EYES CLOSED,0
2244,2026-10-01T20:15:46,0.1793,EYES CLOSED,0
2245,2026-10-01T20:15:46,0.1739,DROWSY,1
2246,2026-10-01T20:15:46,0.1724,DROWSY,0
2247,2026-10-01T20:15:46,0.1775,DROWSY,0
2248,2026-10-01T20:15:46,0.1781,DROWSY,0
2249,2026-10-01T20:15:46,0.1980,DROWSY,0
2250,2026-10-01T20:15:46,0.1948,DROWSY,0
2251,2026-10-01T20:15:46,0.1829,DROWSY,0
2252,2026-10-01T20:15:46,0.1453,DROWSY,0
2253,2026-10-01T20:15:46,0.0893,DROWSY,0
2254,2026-10-01T20:15:46,0.0440,DROWSY,0
2255,2026-10-01T20:15:46,0.0379,DROWSY,0
2256,2026-10-01T20:15:46,0.0416,DROWSY,0
2257,2026-10-01T20:15:46,0.0768,DROWSY,0
2258,2026-10-01T20:15:46,0.1025,DROWSY,0
2259,2026-10-01T20:15:46,0.1345,DROWSY,0
2260,2026-10-01T20:15:46,0.1568,DROWSY,0
2261,2026-10-01T20:15:46,0.2231,DROWSY,0
2262,2026-10-01T20:15:46,0.2479,DROWSY,0
2263,2026-10-01T20:15:46,0.2330,DROWSY,0
2264,2026-10-01T20:15:46,0.2539,ALERT,0
2265,2026-10-01T20:15:46,0.2643,ALERT,0
2266,2026-10-01T20:15:46,0.2529,ALERT,0
2267,2026-10-01T20:15:46,0.2495,EYES CLOSED,0
2268,2026-10-01T20:15:46,0.2508,ALERT,0
2269,2026-10-01T20:15:46,0.2542,ALERT,0
2270,2026-10-01T20:15:46,0.2554,ALERT,0
2271,2026-10-01T20:15:46,0.2527,ALERT,0
2272,2026-10-01T20:15:47,0.2474,EYES CLOSED,0
2273,2026-10-01T20:15:47,0.2408,EYES CLOSED,0
2274,2026-10-01T20:15:47,0.2454,EYES CLOSED,0
2275,2026-10-01T20:15:47,0.2802,ALERT,0
2276,2026-10-01T20:15:47,0.2502,ALERT,0
2277,2026-10-01T20:15:47,0.2158,EYES CLOSED,0
2278,2026-10-01T20:15:47,0.2087,EYES CLOSED,0
2279,2026-10-01T20:15:47,0.2147,EYES CLOSED,0
2280,2026-10-01T20:15:47,0.2478,EYES CLOSED,0
2281,2026-10-01T20:15:47,0.2397,EYES CLOSED,0
2282,2026-10-01T20:15:47,0.2393,EYES CLOSED,0
2283,2026-10-01T20:15:47,0.2550,ALERT,0
2284,2026-10-01T20:15:47,0.2407,EYES CLOSED,0
2285,2026-10-01T20:15:47,0.2462,EYES CLOSED,0
2286,2026-10-01T20:15:47,0.2452,EYES CLOSED,0
2287,2026-10-01T20:15:47,0.2479,EYES CLOSED,0
2288,2026-10-01T20:15:47,0.2387,EYES CLOSED,0
2289,2026-10-01T20:15:47,0.2498,EYES CLOSED,0
2290,2026-10-01T20:15:47,0.2485,EYES CLOSED,0
2291,2026-10-01T20:15:47,0.2489,EYES CLOSED,0
2292,2026-10-01T20:15:47,0.2482,EYES CLOSED,0
2293,2026-10-01T20:15:47,0.2394,EYES CLOSED,0
2294,2026-10-01T20:15:47,0.2317,EYES CLOSED,0
2295,2026-10-01T20:15:47,0.2419,EYES CLOSED,0
2296,2026-10-01T20:15:47,0.2494,EYES CLOSED,0
2297,2026-10-01T20:15:47,0.2562,ALERT,0
2298,2026-10-01T20:15:47,0.1766,EYES CLOSED,0
2299,2026-10-01T20:15:47,0.0634,EYES CLOSED,0
2300,2026-10-01T20:15:47,0.0757,EYES CLOSED,0
2301,2026-10-01T20:15:47,0.1143,EYES CLOSED,0
2302,2026-10-01T20:15:48,0.1392,EYES CLOSED,0
2303,2026-10-01T20:15:48,0.1778,EYES CLOSED,0
2304,2026-10-01T20:15:48,0.1827,EYES CLOSED,0
2305,2026-10-01T20:15:48,0.1933,EYES CLOSED,0
2306,2026-10-01T20:15:48,0.2349,EYES CLOSED,0
2307,2026-10-01T20:15:48,0.2074,EYES CLOSED,0
2308,2026-10-01T20:15:48,0.2064,EYES CLOSED,0
2309,2026-10-01T20:15:48,0.2584,ALERT,0
2310,2026-10-01T20:15:48,0.2519,ALERT,0
2311,2026-10-01T20:15:48,0.2130,EYES CLOSED,0
2312,2026-10-01T20:15:48,0.2463,EYES CLOSED,0
2313,2026-10-01T20:15:48,0.3483,ALERT,0
2314,2026-10-01T20:15:48,0.2694,ALERT,0
2315,2026-10-01T20:15:48,0.2130,EYES CLOSED,0
2316,2026-10-01T20:15:48,0.2288,EYES CLOSED,0
2317,2026-10-01T20:15:48,0.2224,EYES CLOSED,0
2318,2026-10-01T20:15:48,0.2172,EYES CLOSED,0
2319,2026-10-01T20:15:48,0.2334,EYES CLOSED,0
2320,2026-10-01T20:15:48,0.2602,ALERT,0
2321,2026-10-01T20:15:48,0.2458,EYES CLOSED,0
2322,2026-10-01T20:15:48,0.2733,ALERT,0
2323,2026-10-01T20:15:48,0.2738,ALERT,0
2324,2026-10-01T20:15:48,0.2873,ALERT,0
2325,2026-10-01T20:15:48,0.2707,ALERT,0
2326,2026-10-01T20:15:48,0.2667,ALERT,0
2327,2026-10-01T20:15:48,0.2687,ALERT,0
2328,2026-10-01T20:15:48,0.2657,ALERT,0
2329,2026-10-01T20:15:48,0.2688,ALERT,0
2330,2026-10-01T20:15:48,0.2712,ALERT,0
2331,2026-10-01T20:15:48,0.2646,ALERT,0
2332,2026-10-01T20:15:48,0.2607,ALERT,0
2333,2026-10-01T20:15:49,0.2842,ALERT,0
2334,2026-10-01T20:15:49,0.3062,ALERT,0
2335,2026-10-01T20:15:49,0.3045,ALERT,0
2336,2026-10-01T20:15:49,0.2996,ALERT,0
2337,2026-10-01T20:15:49,0.2851,ALERT,0
2338,2026-10-01T20:15:49,0.2817,ALERT,0
2339,2026-10-01T20:15:49,0.1337,EYES CLOSED,0
2340,2026-10-01T20:15:49,0.1365,EYES CLOSED,0
2341,2026-10-01T20:15:49,0.0935,EYES CLOSED,0
2342,2026-10-01T20:15:49,0.1917,EYES CLOSED,0
2343,2026-10-01T20:15:49,0.2637,ALERT,0
2344,2026-10-01T20:15:49,0.2839,ALERT,0
2345,2026-10-01T20:15:49,0.2892,ALERT,0
2346,2026-10-01T20:15:49,0.2766,ALERT,0
2347,2026-10-01T20:15:49,0.2788,ALERT,0
2348,2026-10-01T20:15:49,0.2698,ALERT,0
2349,2026-10-01T20:15:49,0.2797,ALERT,0
2350,2026-10-01T20:15:49,0.2792,ALERT,0
2351,2026-10-01T20:15:49,0.2831,ALERT,0
2352,2026-10-01T20:15:49,0.2849,ALERT,0
2353,2026-10-01T20:15:49,0.2770,ALERT,0
2354,2026-10-01T20:15:49,0.2611,ALERT,0
2355,2026-10-01T20:15:49,0.2767,ALERT,0
2356,2026-10-01T20:15:49,0.2875,ALERT,0
2357,2026-10-01T20:15:49,0.3041,ALERT,0
2358,2026-10-01T20:15:49,0.3164,ALERT,0
2359,2026-10-01T20:15:49,0.3208,ALERT,0
2360,2026-10-01T20:15:49,0.3117,ALERT,0
2361,2026-10-01T20:15:49,0.3145,ALERT,0
2362,2026-10-01T20:15:49,0.3147,ALERT,0
2363,2026-10-01T20:15:50,0.3126,ALERT,0
2364,2026-10-01T20:15:50,0.3075,ALERT,0
2365,2026-10-01T20:15:50,0.3067,ALERT,0
2366,2026-10-01T20:15:50,0.2978,ALERT,0
2367,2026-10-01T20:15:50,0.2831,ALERT,0
2368,2026-10-01T20:15:50,0.2792,ALERT,0
2369,2026-10-01T20:15:50,0.2768,ALERT,0
2370,2026-10-01T20:15:50,0.2833,ALERT,0
2371,2026-10-01T20:15:50,0.0921,EYES CLOSED,0
2372,2026-10-01T20:15:50,0.0636,EYES CLOSED,0
2373,2026-10-01T20:15:50,0.0565,EYES CLOSED,0
2374,2026-10-01T20:15:50,0.0936,EYES CLOSED,0
2375,2026-10-01T20:15:50,0.1069,EYES CLOSED,0
2376,2026-10-01T20:15:50,0.1557,EYES CLOSED,0
2377,2026-10-01T20:15:50,0.1657,EYES CLOSED,0
2378,2026-10-01T20:15:50,0.2201,EYES CLOSED,0
2379,2026-10-01T20:15:50,0.2419,EYES CLOSED,0
2380,2026-10-01T20:15:50,0.2465,EYES CLOSED,0
2381,2026-10-01T20:15:50,0.2366,EYES CLOSED,0
2382,2026-10-01T20:15:50,0.2326,EYES CLOSED,0
2383,2026-10-01T20:15:50,0.2298,EYES CLOSED,0
2384,2026-10-01T20:15:50,0.2288,EYES CLOSED,0
2385,2026-10-01T20:15:50,0.1998,EYES CLOSED,0
2386,2026-10-01T20:15:50,0.2263,EYES CLOSED,0
2387,2026-10-01T20:15:50,0.3038,ALERT,0
2388,2026-10-01T20:15:50,0.3121,ALERT,0
2389,2026-10-01T20:15:50,0.2933,ALERT,0
2390,2026-10-01T20:15:50,0.2517,ALERT,0
2391,2026-10-01T20:15:50,0.2908,ALERT,0
2392,2026-10-01T20:15:50,0.2912,ALERT,0
2393,2026-10-01T20:15:51,0.1585,EYES CLOSED,0
2394,2026-10-01T20:15:51,0.1004,EYES CLOSED,0
2395,2026-10-01T20:15:51,0.1088,EYES CLOSED,0
2396,2026-10-01T20:15:51,0.0712,EYES CLOSED,0
2397,2026-10-01T20:15:51,0.1117,EYES CLOSED,0
2398,2026-10-01T20:15:51,0.1515,EYES CLOSED,0
2399,2026-10-01T20:15:51,0.1610,EYES CLOSED,0
2400,2026-10-01T20:15:51,0.2667,ALERT,0
2401,2026-10-01T20:15:51,0.2915,ALERT,0
2402,2026-10-01T20:15:51,0.2980,ALERT,0
2403,2026-10-01T20:15:51,0.2885,ALERT,0
2404,2026-10-01T20:15:51,0.3113,ALERT,0
2405,2026-10-01T20:15:51,0.3084,ALERT,0
2406,2026-10-01T20:15:51,0.3118,ALERT,0
2407,2026-10-01T20:15:51,0.2907,ALERT,0
2408,2026-10-01T20:15:51,0.3054,ALERT,0
2409,2026-10-01T20:15:51,0.3079,ALERT,0
2410,2026-10-01T20:15:51,0.3378,ALERT,0
2411,2026-10-01T20:15:51,0.0000,NO FACE,0
2412,2026-10-01T20:15:51,0.5589,ALERT,0
2413,2026-10-01T20:15:51,0.0000,NO FACE,0
2414,2026-10-01T20:15:51,0.0000,NO FACE,0
2415,2026-10-01T20:15:51,0.0000,NO FACE,0
2416,2026-10-01T20:15:51,0.0000,NO FACE,0
2417,2026-10-01T20:15:51,0.0000,NO FACE,0
2418,2026-10-01T20:15:51,0.0000,NO FACE,0
2419,2026-10-01T20:15:51,0.0000,NO FACE,0
2420,2026-10-01T20:15:51,0.0000,NO FACE,0
2421,2026-10-01T20:15:51,0.0000,NO FACE,0
2422,2026-10-01T20:15:52,0.0000,NO FACE,0
2423,2026-10-01T20:15:52,0.0000,NO FACE,0
2424,2026-10-01T20:15:52,0.0000,NO FACE,0
2425,2026-10-01T20:15:52,0.0000,NO FACE,0
2426,2026-10-01T20:15:52,0.0000,NO FACE,0
2427,2026-10-01T20:15:52,0.0000,NO FACE,0
2428,2026-10-01T20:15:52,0.0000,NO FACE,0
2429,2026-10-01T20:15:52,0.0000,NO FACE,0
2430,2026-10-01T20:15:52,0.0000,NO FACE,0
2431,2026-10-01T20:15:52,0.0000,NO FACE,0
2432,2026-10-01T20:15:52,0.0000,NO FACE,0
2433,2026-10-01T20:15:52,0.0000,NO FACE,0
2434,2026-10-01T20:15:52,0.0000,NO FACE,0
2435,2026-10-01T20:15:52,0.0000,NO FACE,0
2436,2026-10-01T20:15:52,0.3748,ALERT,0
2437,2026-10-01T20:15:52,0.0000,NO FACE,0
2438,2026-10-01T20:15:52,0.2663,ALERT,0
2439,2026-10-01T20:15:52,0.1824,EYES CLOSED,0
2440,2026-10-01T20:15:52,0.1590,EYES CLOSED,0
2441,2026-10-01T20:15:52,0.1744,EYES CLOSED,0
2442,2026-10-01T20:15:52,0.1846,EYES CLOSED,0
2443,2026-10-01T20:15:52,0.1442,EYES CLOSED,0
2444,2026-10-01T20:15:52,0.2199,EYES CLOSED,0
2445,2026-10-01T20:15:52,0.2980,ALERT,0
2446,2026-10-01T20:15:52,0.3007,ALERT,0
2447,2026-10-01T20:15:52,0.2684,ALERT,0
2448,2026-10-01T20:15:52,0.2656,ALERT,0
2449,2026-10-01T20:15:52,0.2797,ALERT,0
2450,2026-10-01T20:15:52,0.2672,ALERT,0
2451,2026-10-01T20:15:52,0.2546,ALERT,0
2452,2026-10-01T20:15:53,0.2743,ALERT,0
2453,2026-10-01T20:15:53,0.2923,ALERT,0
2454,2026-10-01T20:15:53,0.2964,ALERT,0
2455,2026-10-01T20:15:53,0.2844,ALERT,0
2456,2026-10-01T20:15:53,0.2596,ALERT,0
2457,2026-10-01T20:15:53,0.2575,ALERT,0
2458,2026-10-01T20:15:53,0.2731,ALERT,0
2459,2026-10-01T20:15:53,0.2710,ALERT,0
2460,2026-10-01T20:15:53,0.2593,ALERT,0
2461,2026-10-01T20:15:53,0.2533,ALERT,0
2462,2026-10-01T20:15:53,0.2573,ALERT,0
2463,2026-10-01T20:15:53,0.2694,ALERT,0
2464,2026-10-01T20:15:53,0.2542,ALERT,0
2465,2026-10-01T20:15:53,0.2633,ALERT,0
2466,2026-10-01T20:15:53,0.2727,ALERT,0
2467,2026-10-01T20:15:53,0.2723,ALERT,0
2468,2026-10-01T20:15:53,0.2780,ALERT,0
2469,2026-10-01T20:15:53,0.2782,ALERT,0
2470,2026-10-01T20:15:53,0.2761,ALERT,0
2471,2026-10-01T20:15:53,0.2748,ALERT,0
2472,2026-10-01T20:15:53,0.2935,ALERT,0
2473,2026-10-01T20:15:53,0.2817,ALERT,0
2474,2026-10-01T20:15:53,0.2550,ALERT,0
2475,2026-10-01T20:15:53,0.0949,EYES CLOSED,0
2476,2026-10-01T20:15:53,0.0820,EYES CLOSED,0
2477,2026-10-01T20:15:53,0.1160,EYES CLOSED,0
2478,2026-10-01T20:15:53,0.1732,EYES CLOSED,0
2479,2026-10-01T20:15:53,0.2385,EYES CLOSED,0
2480,2026-10-01T20:15:53,0.2314,EYES CLOSED,0
2481,2026-10-01T20:15:53,0.2376,EYES CLOSED,0
2482,2026-10-01T20:15:54,0.2438,EYES CLOSED,0
2483,2026-10-01T20:15:54,0.2512,ALERT,0
2484,2026-10-01T20:15:54,0.2496,EYES CLOSED,0
2485,2026-10-01T20:15:54,0.2453,EYES CLOSED,0
2486,2026-10-01T20:15:54,0.2478,EYES CLOSED,0
2487,2026-10-01T20:15:54,0.2802,ALERT,0
2488,2026-10-01T20:15:54,0.2879,ALERT,0
2489,2026-10-01T20:15:54,0.2822,ALERT,0
2490,2026-10-01T20:15:54,0.2809,ALERT,0
2491,2026-10-01T20:15:54,0.2926,ALERT,0
2492,2026-10-01T20:15:54,0.2820,ALERT,0
2493,2026-10-01T20:15:54,0.2831,ALERT,0
2494,2026-10-01T20:15:54,0.2812,ALERT,0
2495,2026-10-01T20:15:54,0.2779,ALERT,0
2496,2026-10-01T20:15:54,0.2699,ALERT,0
2497,2026-10-01T20:15:54,0.2780,ALERT,0
2498,2026-10-01T20:15:54,0.2747,ALERT,0
2499,2026-10-01T20:15:54,0.2743,ALERT,0
2500,2026-10-01T20:15:54,0.2804,ALERT,0
2501,2026-10-01T20:15:54,0.2904,ALERT,0
2502,2026-10-01T20:15:54,0.2954,ALERT,0
2503,2026-10-01T20:15:54,0.2941,ALERT,0
2504,2026-10-01T20:15:54,0.2846,ALERT,0
2505,2026-10-01T20:15:54,0.2821,ALERT,0
2506,2026-10-01T20:15:54,0.2718,ALERT,0
2507,2026-10-01T20:15:54,0.2713,ALERT,0
2508,2026-10-01T20:15:54,0.2554,ALERT,0
2509,2026-10-01T20:15:54,0.2091,EYES CLOSED,0
2510,2026-10-01T20:15:54,0.1185,EYES CLOSED,0
2511,2026-10-01T20:15:54,0.0963,EYES CLOSED,0
2512,2026-10-01T20:15:54,0.0992,EYES CLOSED,0
2513,2026-10-01T20:15:55,0.2117,EYES CLOSED,0
2514,2026-10-01T20:15:55,0.2331,EYES CLOSED,0
2515,2026-10-01T20:15:55,0.2189,EYES CLOSED,0
2516,2026-10-01T20:15:55,0.2335,EYES CLOSED,0
2517,2026-10-01T20:15:55,0.2207,EYES CLOSED,0
2518,2026-10-01T20:15:55,0.2612,ALERT,0
2519,2026-10-01T20:15:55,0.2825,ALERT,0
2520,2026-10-01T20:15:55,0.2785,ALERT,0
2521,2026-10-01T20:15:55,0.2799,ALERT,0
2522,2026-10-01T20:15:55,0.2826,ALERT,0
2523,2026-10-01T20:15:55,0.2719,ALERT,0
2524,2026-10-01T20:15:55,0.2689,ALERT,0
2525,2026-10-01T20:15:55,0.2720,ALERT,0
2526,2026-10-01T20:15:55,0.2753,ALERT,0
2527,2026-10-01T20:15:55,0.2689,ALERT,0
2528,2026-10-01T20:15:55,0.2784,ALERT,0
2529,2026-10-01T20:15:55,0.2809,ALERT,0
2530,2026-10-01T20:15:55,0.2841,ALERT,0
2531,2026-10-01T20:15:55,0.2813,ALERT,0
2532,2026-10-01T20:15:55,0.2803,ALERT,0
2533,2026-10-01T20:15:55,0.2814,ALERT,0
2534,2026-10-01T20:15:55,0.2704,ALERT,0
2535,2026-10-01T20:15:55,0.2616,ALERT,0
2536,2026-10-01T20:15:55,0.2698,ALERT,0
2537,2026-10-01T20:15:55,0.2589,ALERT,0
2538,2026-10-01T20:15:55,0.2614,ALERT,0
2539,2026-10-01T20:15:55,0.2580,ALERT,0
2540,2026-10-01T20:15:55,0.2520,ALERT,0
2541,2026-10-01T20:15:55,0.2493,EYES CLOSED,0
2542,2026-10-01T20:15:56,0.2569,ALERT,0
2543,2026-10-01T20:15:56,0.2636,ALERT,0
2544,2026-10-01T20:15:56,0.2644,ALERT,0
2545,2026-10-01T20:15:56,0.2636,ALERT,0
2546,2026-10-01T20:15:56,0.2631,ALERT,0
2547,2026-10-01T20:15:56,0.2521,ALERT,0
2548,2026-10-01T20:15:56,0.2460,EYES CLOSED,0
2549,2026-10-01T20:15:56,0.2631,ALERT,0
2550,2026-10-01T20:15:56,0.2645,ALERT,0
2551,2026-10-01T20:15:56,0.2662,ALERT,0
2552,2026-10-01T20:15:56,0.2624,ALERT,0
2553,2026-10-01T20:15:56,0.2315,EYES CLOSED,0
2554,2026-10-01T20:15:56,0.2160,EYES CLOSED,0
2555,2026-10-01T20:15:56,0.1332,EYES CLOSED,0
2556,2026-10-01T20:15:56,0.0928,EYES CLOSED,0
2557,2026-10-01T20:15:56,0.0919,EYES CLOSED,0
2558,2026-10-01T20:15:56,0.0983,EYES CLOSED,0
2559,2026-10-01T20:15:56,0.1214,EYES CLOSED,0
2560,2026-10-01T20:15:56,0.1390,EYES CLOSED,0
2561,2026-10-01T20:15:56,0.1918,EYES CLOSED,0
2562,2026-10-01T20:15:56,0.1910,EYES CLOSED,0
2563,2026-10-01T20:15:56,0.2099,EYES CLOSED,0
2564,2026-10-01T20:15:56,0.2195,EYES CLOSED,0
2565,2026-10-01T20:15:56,0.2243,EYES CLOSED,0
2566,2026-10-01T20:15:56,0.2218,EYES CLOSED,0
2567,2026-10-01T20:15:56,0.2109,EYES CLOSED,0
2568,2026-10-01T20:15:56,0.2001,EYES CLOSED,0
2569,2026-10-01T20:15:56,0.1989,EYES CLOSED,0
2570,2026-10-01T20:15:56,0.2005,EYES CLOSED,0
2571,2026-10-01T20:15:56,0.2107,EYES CLOSED,0
2572,2026-10-01T20:15:56,0.2247,DROWSY,1
2573,2026-10-01T20:15:57,0.2167,DROWSY,0
2574,2026-10-01T20:15:57,0.2174,DROWSY,0
2575,2026-10-01T20:15:57,0.2286,DROWSY,0
2576,2026-10-01T20:15:57,0.1894,DROWSY,0
2577,2026-10-01T20:15:57,0.0771,DROWSY,0
2578,2026-10-01T20:15:57,0.0497,DROWSY,0
2579,2026-10-01T20:15:57,0.0520,DROWSY,0
2580,2026-10-01T20:15:57,0.0790,DROWSY,0
2581,2026-10-01T20:15:57,0.1316,DROWSY,0
2582,2026-10-01T20:15:57,0.1919,DROWSY,0
2583,2026-10-01T20:15:57,0.2102,DROWSY,0
2584,2026-10-01T20:15:57,0.2361,DROWSY,0
2585,2026-10-01T20:15:57,0.2371,DROWSY,0
2586,2026-10-01T20:15:57,0.2397,DROWSY,0
2587,2026-10-01T20:15:57,0.2420,DROWSY,0
2588,2026-10-01T20:15:57,0.2387,DROWSY,0
2589,2026-10-01T20:15:57,0.2550,ALERT,0
2590,2026-10-01T20:15:57,0.2667,ALERT,0
2591,2026-10-01T20:15:57,0.2571,ALERT,0
2592,2026-10-01T20:15:57,0.2666,ALERT,0
2593,2026-10-01T20:15:57,0.2715,ALERT,0
2594,2026-10-01T20:15:57,0.2649,ALERT,0
2595,2026-10-01T20:15:57,0.2887,ALERT,0
2596,2026-10-01T20:15:57,0.2795,ALERT,0
2597,2026-10-01T20:15:57,0.2943,ALERT,0
2598,2026-10-01T20:15:57,0.2988,ALERT,0
2599,2026-10-01T20:15:57,0.3100,ALERT,0
2600,2026-10-01T20:15:57,0.3175,ALERT,0
2601,2026-10-01T20:15:57,0.3244,ALERT,0
2602,2026-10-01T20:15:58,0.3421,ALERT,0
2603,2026-10-01T20:15:58,0.3482,ALERT,0
2604,2026-10-01T20:15:58,0.3481,ALERT,0
2605,2026-10-01T20:15:58,0.3523,ALERT,0
2606,2026-10-01T20:15:58,0.3471,ALERT,0
2607,2026-10-01T20:15:58,0.3438,ALERT,0
2608,2026-10-01T20:15:58,0.3360,ALERT,0
2609,2026-10-01T20:15:58,0.3328,ALERT,0
2610,2026-10-01T20:15:58,0.3310,ALERT,0
2611,2026-10-01T20:15:58,0.3325,ALERT,0
2612,2026-10-01T20:15:58,0.3241,ALERT,0
2613,2026-10-01T20:15:58,0.3225,ALERT,0
2614,2026-10-01T20:15:58,0.3208,ALERT,0
2615,2026-10-01T20:15:58,0.3162,ALERT,0
2616,2026-10-01T20:15:58,0.3110,ALERT,0
2617,2026-10-01T20:15:58,0.3070,ALERT,0
2618,2026-10-01T20:15:58,0.3043,ALERT,0
2619,2026-10-01T20:15:58,0.3017,ALERT,0
2620,2026-10-01T20:15:58,0.3001,ALERT,0
2621,2026-10-01T20:15:58,0.2961,ALERT,0
2622,2026-10-01T20:15:58,0.2971,ALERT,0
2623,2026-10-01T20:15:58,0.3007,ALERT,0
2624,2026-10-01T20:15:58,0.2987,ALERT,0
2625,2026-10-01T20:15:58,0.2964,ALERT,0
2626,2026-10-01T20:15:58,0.2979,ALERT,0
2627,2026-10-01T20:15:58,0.3062,ALERT,0
2628,2026-10-01T20:15:58,0.3071,ALERT,0
2629,2026-10-01T20:15:58,0.3007,ALERT,0
2630,2026-10-01T20:15:58,0.3029,ALERT,0
2631,2026-10-01T20:15:58,0.3022,ALERT,0
2632,2026-10-01T20:15:59,0.3021,ALERT,0
2633,2026-10-01T20:15:59,0.3021,ALERT,0
2634,2026-10-01T20:15:59,0.3028,ALERT,0
2635,2026-10-01T20:15:59,0.2935,ALERT,0
2636,2026-10-01T20:15:59,0.2942,ALERT,0
2637,2026-10-01T20:15:59,0.2930,ALERT,0
2638,2026-10-01T20:15:59,0.2877,ALERT,0
2639,2026-10-01T20:15:59,0.2875,ALERT,0
2640,2026-10-01T20:15:59,0.2847,ALERT,0
2641,2026-10-01T20:15:59,0.2859,ALERT,0
2642,2026-10-01T20:15:59,0.2878,ALERT,0
2643,2026-10-01T20:15:59,0.2869,ALERT,0
2644,2026-10-01T20:15:59,0.2881,ALERT,0
2645,2026-10-01T20:15:59,0.2876,ALERT,0
2646,2026-10-01T20:15:59,0.2954,ALERT,0
2647,2026-10-01T20:15:59,0.3009,ALERT,0
2648,2026-10-01T20:15:59,0.2973,ALERT,0
2649,2026-10-01T20:15:59,0.2977,ALERT,0
2650,2026-10-01T20:15:59,0.2944,ALERT,0
2651,2026-10-01T20:15:59,0.2844,ALERT,0
2652,2026-10-01T20:15:59,0.1885,EYES CLOSED,0
2653,2026-10-01T20:15:59,0.0832,EYES CLOSED,0
2654,2026-10-01T20:15:59,0.0947,EYES CLOSED,0
2655,2026-10-01T20:15:59,0.0622,EYES CLOSED,0
2656,2026-10-01T20:15:59,0.1133,EYES CLOSED,0
2657,2026-10-01T20:15:59,0.1488,EYES CLOSED,0
2658,2026-10-01T20:15:59,0.1722,EYES CLOSED,0
2659,2026-10-01T20:15:59,0.1309,EYES CLOSED,0
2660,2026-10-01T20:15:59,0.0714,EYES CLOSED,0
2661,2026-10-01T20:15:59,0.0433,EYES CLOSED,0
2662,2026-10-01T20:16:00,0.0677,EYES CLOSED,0
2663,2026-10-01T20:16:00,0.0923,EYES CLOSED,0
2664,2026-10-01T20:16:00,0.1286,EYES CLOSED,0
2665,2026-10-01T20:16:00,0.1228,EYES CLOSED,0
2666,2026-10-01T20:16:00,0.1599,EYES CLOSED,0
2667,2026-10-01T20:16:00,0.1822,EYES CLOSED,0
2668,2026-10-01T20:16:00,0.2289,EYES CLOSED,0
2669,2026-10-01T20:16:00,0.2901,ALERT,0
2670,2026-10-01T20:16:00,0.3370,ALERT,0
2671,2026-10-01T20:16:00,0.3485,ALERT,0
2672,2026-10-01T20:16:00,0.3406,ALERT,0
2673,2026-10-01T20:16:00,0.3478,ALERT,0
2674,2026-10-01T20:16:00,0.3382,ALERT,0
2675,2026-10-01T20:16:00,0.3516,ALERT,0
2676,2026-10-01T20:16:00,0.3421,ALERT,0
2677,2026-10-01T20:16:00,0.3502,ALERT,0
2678,2026-10-01T20:16:00,0.3628,ALERT,0
2679,2026-10-01T20:16:00,0.3680,ALERT,0
2680,2026-10-01T20:16:00,0.3653,ALERT,0
2681,2026-10-01T20:16:00,0.3514,ALERT,0
2682,2026-10-01T20:16:00,0.3490,ALERT,0
2683,2026-10-01T20:16:00,0.3472,ALERT,0
2684,2026-10-01T20:16:00,0.3583,ALERT,0
2685,2026-10-01T20:16:00,0.3534,ALERT,0
2686,2026-10-01T20:16:00,0.3501,ALERT,0
2687,2026-10-01T20:16:00,0.3306,ALERT,0
2688,2026-10-01T20:16:00,0.2796,ALERT,0
2689,2026-10-01T20:16:00,0.3012,ALERT,0
2690,2026-10-01T20:16:00,0.3123,ALERT,0
2691,2026-10-01T20:16:00,0.3068,ALERT,0
2692,2026-10-01T20:16:01,0.2780,ALERT,0
2693,2026-10-01T20:16:01,0.2960,ALERT,0
2694,2026-10-01T20:16:01,0.2981,ALERT,0
2695,2026-10-01T20:16:01,0.2820,ALERT,0
2696,2026-10-01T20:16:01,0.3035,ALERT,0
2697,2026-10-01T20:16:01,0.2896,ALERT,0
2698,2026-10-01T20:16:01,0.2844,ALERT,0
2699,2026-10-01T20:16:01,0.2615,ALERT,0
2700,2026-10-01T20:16:01,0.2540,ALERT,0
2701,2026-10-01T20:16:01,0.0000,NO FACE,0
2702,2026-10-01T20:16:01,0.0000,NO FACE,0
2703,2026-10-01T20:16:01,0.0000,NO FACE,0
2704,2026-10-01T20:16:01,0.0000,NO FACE,0
2705,2026-10-01T20:16:01,0.3125,ALERT,0
2706,2026-10-01T20:16:01,0.2250,EYES CLOSED,0
2707,2026-10-01T20:16:01,0.2316,EYES CLOSED,0
2708,2026-10-01T20:16:01,0.2445,EYES CLOSED,0
2709,2026-10-01T20:16:01,0.2497,EYES CLOSED,0
2710,2026-10-01T20:16:01,0.2632,ALERT,0
2711,2026-10-01T20:16:01,0.2602,ALERT,0
2712,2026-10-01T20:16:01,0.2866,ALERT,0
2713,2026-10-01T20:16:01,0.2732,ALERT,0
2714,2026-10-01T20:16:01,0.2725,ALERT,0
2715,2026-10-01T20:16:01,0.2628,ALERT,0
2716,2026-10-01T20:16:01,0.2845,ALERT,0
2717,2026-10-01T20:16:01,0.3103,ALERT,0
2718,2026-10-01T20:16:01,0.2759,ALERT,0
2719,2026-10-01T20:16:01,0.2599,ALERT,0
2720,2026-10-01T20:16:01,0.2638,ALERT,0
2721,2026-10-01T20:16:01,0.2925,ALERT,0
2722,2026-10-01T20:16:02,0.2743,ALERT,0
2723,2026-10-01T20:16:02,0.2676,ALERT,0
2724,2026-10-01T20:16:02,0.2791,ALERT,0
2725,2026-10-01T20:16:02,0.2647,ALERT,0
2726,2026-10-01T20:16:02,0.2475,EYES CLOSED,0
2727,2026-10-01T20:16:02,0.2571,ALERT,0
2728,2026-10-01T20:16:02,0.2339,EYES CLOSED,0
2729,2026-10-01T20:16:02,0.2476,EYES CLOSED,0
2730,2026-10-01T20:16:02,0.2588,ALERT,0
2731,2026-10-01T20:16:02,0.2640,ALERT,0
2732,2026-10-01T20:16:02,0.2593,ALERT,0
2733,2026-10-01T20:16:02,0.2652,ALERT,0
2734,2026-10-01T20:16:02,0.2602,ALERT,0
2735,2026-10-01T20:16:02,0.2638,ALERT,0
2736,2026-10-01T20:16:02,0.2687,ALERT,0
2737,2026-10-01T20:16:02,0.2780,ALERT,0
2738,2026-10-01T20:16:02,0.2837,ALERT,0
2739,2026-10-01T20:16:02,0.2728,ALERT,0
2740,2026-10-01T20:16:02,0.2717,ALERT,0
2741,2026-10-01T20:16:02,0.2715,ALERT,0
2742,2026-10-01T20:16:02,0.2703,ALERT,0
2743,2026-10-01T20:16:02,0.2761,ALERT,0
2744,2026-10-01T20:16:02,0.2809,ALERT,0
2745,2026-10-01T20:16:02,0.2745,ALERT,0
2746,2026-10-01T20:16:02,0.2787,ALERT,0
2747,2026-10-01T20:16:02,0.2816,ALERT,0
2748,2026-10-01T20:16:02,0.2821,ALERT,0
2749,2026-10-01T20:16:02,0.2778,ALERT,0
2750,2026-10-01T20:16:02,0.2790,ALERT,0
2751,2026-10-01T20:16:02,0.2569,ALERT,0
2752,2026-10-01T20:16:02,0.2394,EYES CLOSED,0
2753,2026-10-01T20:16:03,0.1636,EYES CLOSED,0
2754,2026-10-01T20:16:03,0.1304,EYES CLOSED,0
2755,2026-10-01T20:16:03,0.1223,EYES CLOSED,0
2756,2026-10-01T20:16:03,0.1174,EYES CLOSED,0
2757,2026-10-01T20:16:03,0.1165,EYES CLOSED,0
2758,2026-10-01T20:16:03,0.1210,EYES CLOSED,0
2759,2026-10-01T20:16:03,0.1214,EYES CLOSED,0
2760,2026-10-01T20:16:03,0.1204,EYES CLOSED,0
2761,2026-10-01T20:16:03,0.1421,EYES CLOSED,0
2762,2026-10-01T20:16:03,0.1460,EYES CLOSED,0
2763,2026-10-01T20:16:03,0.1334,EYES CLOSED,0
2764,2026-10-01T20:16:03,0.1382,EYES CLOSED,0
2765,2026-10-01T20:16:03,0.1402,EYES CLOSED,0
2766,2026-10-01T20:16:03,0.1470,EYES CLOSED,0
2767,2026-10-01T20:16:03,0.1611,EYES CLOSED,0
2768,2026-10-01T20:16:03,0.1609,EYES CLOSED,0
2769,2026-10-01T20:16:03,0.1777,EYES CLOSED,0
2770,2026-10-01T20:16:03,0.1841,EYES CLOSED,0
2771,2026-10-01T20:16:03,0.1822,DROWSY,1
2772,2026-10-01T20:16:03,0.1904,DROWSY,0
2773,2026-10-01T20:16:03,0.1814,DROWSY,0
2774,2026-10-01T20:16:03,0.1744,DROWSY,0
2775,2026-10-01T20:16:03,0.1618,DROWSY,0
2776,2026-10-01T20:16:03,0.1271,DROWSY,0
2777,2026-10-01T20:16:03,0.0641,DROWSY,0
2778,2026-10-01T20:16:03,0.0780,DROWSY,0
2779,2026-10-01T20:16:03,0.0879,DROWSY,0
2780,2026-10-01T20:16:03,0.1057,DROWSY,0
2781,2026-10-01T20:16:03,0.1169,DROWSY,0
2782,2026-10-01T20:16:04,0.1727,DROWSY,0
2783,2026-10-01T20:16:04,0.2926,ALERT,0
2784,2026-10-01T20:16:04,0.3476,ALERT,0
2785,2026-10-01T20:16:04,0.3327,ALERT,0
2786,2026-10-01T20:16:04,0.2136,EYES CLOSED,0
2787,2026-10-01T20:16:04,0.1751,EYES CLOSED,0
2788,2026-10-01T20:16:04,0.1763,EYES CLOSED,0
2789,2026-10-01T20:16:04,0.1260,EYES CLOSED,0
2790,2026-10-01T20:16:04,0.1217,EYES CLOSED,0
2791,2026-10-01T20:16:04,0.1353,EYES CLOSED,0
2792,2026-10-01T20:16:04,0.1516,EYES CLOSED,0
2793,2026-10-01T20:16:04,0.1790,EYES CLOSED,0
2794,2026-10-01T20:16:04,0.1953,EYES CLOSED,0
2795,2026-10-01T20:16:04,0.2060,EYES CLOSED,0
2796,2026-10-01T20:16:04,0.2277,EYES CLOSED,0
2797,2026-10-01T20:16:04,0.2428,EYES CLOSED,0
2798,2026-10-01T20:16:04,0.2568,ALERT,0
2799,2026-10-01T20:16:04,0.2736,ALERT,0
2800,2026-10-01T20:16:04,0.2719,ALERT,0
2801,2026-10-01T20:16:04,0.2608,ALERT,0
2802,2026-10-01T20:16:04,0.2805,ALERT,0
2803,2026-10-01T20:16:04,0.2857,ALERT,0
2804,2026-10-01T20:16:04,0.2834,ALERT,0
2805,2026-10-01T20:16:04,0.2925,ALERT,0
2806,2026-10-01T20:16:04,0.2874,ALERT,0
2807,2026-10-01T20:16:04,0.3242,ALERT,0
2808,2026-10-01T20:16:04,0.3260,ALERT,0
2809,2026-10-01T20:16:04,0.3106,ALERT,0
2810,2026-10-01T20:16:04,0.3058,ALERT,0
2811,2026-10-01T20:16:04,0.2962,ALERT,0
2812,2026-10-01T20:16:05,0.2904,ALERT,0
2813,2026-10-01T20:16:05,0.2962,ALERT,0
2814,2026-10-01T20:16:05,0.3016,ALERT,0
2815,2026-10-01T20:16:05,0.3014,ALERT,0
2816,2026-10-01T20:16:05,0.3020,ALERT,0
2817,2026-10-01T20:16:05,0.3028,ALERT,0
2818,2026-10-01T20:16:05,0.3032,ALERT,0
2819,2026-10-01T20:16:05,0.3036,ALERT,0
2820,2026-10-01T20:16:05,0.3119,ALERT,0
2821,2026-10-01T20:16:05,0.3159,ALERT,0
2822,2026-10-01T20:16:05,0.3105,ALERT,0
2823,2026-10-01T20:16:05,0.3133,ALERT,0
2824,2026-10-01T20:16:05,0.3152,ALERT,0
2825,2026-10-01T20:16:05,0.2990,ALERT,0
2826,2026-10-01T20:16:05,0.2761,ALERT,0
2827,2026-10-01T20:16:05,0.2755,ALERT,0
2828,2026-10-01T20:16:05,0.2688,ALERT,0
2829,2026-10-01T20:16:05,0.2629,ALERT,0
2830,2026-10-01T20:16:05,0.2632,ALERT,0
2831,2026-10-01T20:16:05,0.2652,ALERT,0
2832,2026-10-01T20:16:05,0.2641,ALERT,0
2833,2026-10-01T20:16:05,0.2597,ALERT,0
2834,2026-10-01T20:16:05,0.2700,ALERT,0
2835,2026-10-01T20:16:05,0.2629,ALERT,0
2836,2026-10-01T20:16:05,0.2533,ALERT,0
2837,2026-10-01T20:16:05,0.0744,EYES CLOSED,0
2838,2026-10-01T20:16:05,0.0557,EYES CLOSED,0
2839,2026-10-01T20:16:05,0.0740,EYES CLOSED,0
2840,2026-10-01T20:16:05,0.1411,EYES CLOSED,0
2841,2026-10-01T20:16:05,0.2072,EYES CLOSED,0
2842,2026-10-01T20:16:06,0.2497,EYES CLOSED,0
2843,2026-10-01T20:16:06,0.2618,ALERT,0
2844,2026-10-01T20:16:06,0.2774,ALERT,0
2845,2026-10-01T20:16:06,0.2725,ALERT,0
2846,2026-10-01T20:16:06,0.2963,ALERT,0
2847,2026-10-01T20:16:06,0.2996,ALERT,0
2848,2026-10-01T20:16:06,0.2938,ALERT,0
2849,2026-10-01T20:16:06,0.2969,ALERT,0
2850,2026-10-01T20:16:06,0.2982,ALERT,0
2851,2026-10-01T20:16:06,0.2996,ALERT,0
2852,2026-10-01T20:16:06,0.2986,ALERT,0
2853,2026-10-01T20:16:06,0.2919,ALERT,0
2854,2026-10-01T20:16:06,0.2925,ALERT,0
2855,2026-10-01T20:16:06,0.2874,ALERT,0
2856,2026-10-01T20:16:06,0.1491,EYES CLOSED,0
2857,2026-10-01T20:16:06,0.0637,EYES CLOSED,0
2858,2026-10-01T20:16:06,0.0327,EYES CLOSED,0
2859,2026-10-01T20:16:06,0.0536,EYES CLOSED,0
2860,2026-10-01T20:16:06,0.0700,EYES CLOSED,0
2861,2026-10-01T20:16:06,0.1116,EYES CLOSED,0
2862,2026-10-01T20:16:06,0.1902,EYES CLOSED,0
2863,2026-10-01T20:16:06,0.2725,ALERT,0
2864,2026-10-01T20:16:06,0.3045,ALERT,0
2865,2026-10-01T20:16:06,0.3095,ALERT,0
2866,2026-10-01T20:16:06,0.3324,ALERT,0
2867,2026-10-01T20:16:06,0.3393,ALERT,0
2868,2026-10-01T20:16:06,0.3181,ALERT,0
2869,2026-10-01T20:16:06,0.3002,ALERT,0
2870,2026-10-01T20:16:06,0.2711,ALERT,0
2871,2026-10-01T20:16:06,0.2035,EYES CLOSED,0
2872,2026-10-01T20:16:07,0.2015,EYES CLOSED,0
2873,2026-10-01T20:16:07,0.1793,EYES CLOSED,0
2874,2026-10-01T20:16:07,0.1901,EYES CLOSED,0
2875,2026-10-01T20:16:07,0.2750,ALERT,0
2876,2026-10-01T20:16:07,0.0000,NO FACE,0
2877,2026-10-01T20:16:07,0.0000,NO FACE,0
2878,2026-10-01T20:16:07,0.0000,NO FACE,0
2879,2026-10-01T20:16:07,0.0000,NO FACE,0
2880,2026-10-01T20:16:07,0.0000,NO FACE,0
2881,2026-10-01T20:16:07,0.0000,NO FACE,0
2882,2026-10-01T20:16:07,0.0000,NO FACE,0
2883,2026-10-01T20:16:07,0.2317,EYES CLOSED,0
2884,2026-10-01T20:16:07,0.2272,EYES CLOSED,0
2885,2026-10-01T20:16:07,0.0000,NO FACE,0
2886,2026-10-01T20:16:07,0.2848,ALERT,0
2887,2026-10-01T20:16:07,0.0000,NO FACE,0
2888,2026-10-01T20:16:07,0.0000,NO FACE,0
2889,2026-10-01T20:16:07,0.0000,NO FACE,0
2890,2026-10-01T20:16:07,0.0000,NO FACE,0
2891,2026-10-01T20:16:07,0.0000,NO FACE,0
2892,2026-10-01T20:16:07,0.0000,NO FACE,0
2893,2026-10-01T20:16:07,0.0000,NO FACE,0
2894,2026-10-01T20:16:07,0.0000,NO FACE,0
2895,2026-10-01T20:16:07,0.0000,NO FACE,0
2896,2026-10-01T20:16:07,0.0000,NO FACE,0
2897,2026-10-01T20:16:07,0.0000,NO FACE,0
2898,2026-10-01T20:16:07,0.0000,NO FACE,0
2899,2026-10-01T20:16:07,0.0000,NO FACE,0
2900,2026-10-01T20:16:07,0.0000,NO FACE,0
2901,2026-10-01T20:16:07,0.0000,NO FACE,0
2902,2026-10-01T20:16:08,0.0000,NO FACE,0
2903,2026-10-01T20:16:08,0.0000,NO FACE,0
2904,2026-10-01T20:16:08,0.0000,NO FACE,0
2905,2026-10-01T20:16:08,0.0000,NO FACE,0
2906,2026-10-01T20:16:08,0.0000,NO FACE,0
2907,2026-10-01T20:16:08,0.0000,NO FACE,0
2908,2026-10-01T20:16:08,0.0000,NO FACE,0
2909,2026-10-01T20:16:08,0.0000,NO FACE,0
2910,2026-10-01T20:16:08,0.0000,NO FACE,0
2911,2026-10-01T20:16:08,0.0000,NO FACE,0
2912,2026-10-01T20:16:08,0.0000,NO FACE,0
2913,2026-10-01T20:16:08,0.0000,NO FACE,0
2914,2026-10-01T20:16:08,0.0000,NO FACE,0
2915,2026-10-01T20:16:08,0.0000,NO FACE,0
2916,2026-10-01T20:16:08,0.0000,NO FACE,0
2917,2026-10-01T20:16:08,0.0000,NO FACE,0
2918,2026-10-01T20:16:08,0.0000,NO FACE,0
2919,2026-10-01T20:16:08,0.0000,NO FACE,0
2920,2026-10-01T20:16:08,0.0000,NO FACE,0
2921,2026-10-01T20:16:08,0.1909,EYES CLOSED,0
2922,2026-10-01T20:16:08,0.0876,EYES CLOSED,0
2923,2026-10-01T20:16:08,0.0842,EYES CLOSED,0
2924,2026-10-01T20:16:08,0.0943,EYES CLOSED,0
2925,2026-10-01T20:16:08,0.0940,EYES CLOSED,0
2926,2026-10-01T20:16:08,0.1143,EYES CLOSED,0
2927,2026-10-01T20:16:08,0.1571,EYES CLOSED,0
2928,2026-10-01T20:16:08,0.1892,EYES CLOSED,0
2929,2026-10-01T20:16:08,0.1965,EYES CLOSED,0
2930,2026-10-01T20:16:08,0.1850,EYES CLOSED,0
2931,2026-10-01T20:16:08,0.1816,EYES CLOSED,0
2932,2026-10-01T20:16:08,0.1646,EYES CLOSED,0
2933,2026-10-01T20:16:09,0.1907,EYES CLOSED,0
2934,2026-10-01T20:16:09,0.1847,EYES CLOSED,0
2935,2026-10-01T20:16:09,0.1788,EYES CLOSED,0
2936,2026-10-01T20:16:09,0.1716,EYES CLOSED,0
2937,2026-10-01T20:16:09,0.1923,EYES CLOSED,0
2938,2026-10-01T20:16:09,0.2052,EYES CLOSED,0
2939,2026-10-01T20:16:09,0.2028,EYES CLOSED,0
2940,2026-10-01T20:16:09,0.2139,DROWSY,1
2941,2026-10-01T20:16:09,0.2109,DROWSY,0
2942,2026-10-01T20:16:09,0.1955,DROWSY,0
2943,2026-10-01T20:16:09,0.1639,DROWSY,0
2944,2026-10-01T20:16:09,0.1158,DROWSY,0
2945,2026-10-01T20:16:09,0.1477,DROWSY,0
2946,2026-10-01T20:16:09,0.1696,DROWSY,0
2947,2026-10-01T20:16:09,0.1683,DROWSY,0
2948,2026-10-01T20:16:09,0.1735,DROWSY,0
2949,2026-10-01T20:16:09,0.1710,DROWSY,0
2950,2026-10-01T20:16:09,0.1668,DROWSY,0
2951,2026-10-01T20:16:09,0.1677,DROWSY,0
2952,2026-10-01T20:16:09,0.1659,DROWSY,0
2953,2026-10-01T20:16:09,0.1738,DROWSY,0
2954,2026-10-01T20:16:09,0.1759,DROWSY,0
2955,2026-10-01T20:16:09,0.1738,DROWSY,0
2956,2026-10-01T20:16:09,0.1748,DROWSY,0
2957,2026-10-01T20:16:09,0.1768,DROWSY,0
2958,2026-10-01T20:16:09,0.1813,DROWSY,0
2959,2026-10-01T20:16:09,0.1779,DROWSY,0
2960,2026-10-01T20:16:09,0.1956,DROWSY,0
2961,2026-10-01T20:16:09,0.2023,DROWSY,0
2962,2026-10-01T20:16:10,0.1907,DROWSY,0
2963,2026-10-01T20:16:10,0.1976,DROWSY,0
2964,2026-10-01T20:16:10,0.2074,DROWSY,0
2965,2026-10-01T20:16:10,0.2049,DROWSY,0
2966,2026-10-01T20:16:10,0.2177,DROWSY,0
2967,2026-10-01T20:16:10,0.2229,DROWSY,0
2968,2026-10-01T20:16:10,0.2413,DROWSY,0
2969,2026-10-01T20:16:10,0.2267,DROWSY,0
2970,2026-10-01T20:16:10,0.1532,DROWSY,0
2971,2026-10-01T20:16:10,0.1304,DROWSY,0
2972,2026-10-01T20:16:10,0.0314,DROWSY,0
2973,2026-10-01T20:16:10,0.0139,DROWSY,0
2974,2026-10-01T20:16:10,0.0264,DROWSY,0
2975,2026-10-01T20:16:10,0.0211,DROWSY,0
2976,2026-10-01T20:16:10,0.0142,DROWSY,0
2977,2026-10-01T20:16:10,0.0135,DROWSY,0
2978,2026-10-01T20:16:10,0.0266,DROWSY,0
2979,2026-10-01T20:16:10,0.0485,DROWSY,0
2980,2026-10-01T20:16:10,0.0691,DROWSY,0
2981,2026-10-01T20:16:10,0.0958,DROWSY,0
2982,2026-10-01T20:16:10,0.0997,DROWSY,0
2983,2026-10-01T20:16:10,0.1066,DROWSY,0
2984,2026-10-01T20:16:10,0.1520,DROWSY,0
2985,2026-10-01T20:16:10,0.1543,DROWSY,0
2986,2026-10-01T20:16:10,0.1885,DROWSY,0
2987,2026-10-01T20:16:10,0.2397,DROWSY,0
2988,2026-10-01T20:16:10,0.1927,DROWSY,0
2989,2026-10-01T20:16:10,0.1057,DROWSY,0
2990,2026-10-01T20:16:10,0.1046,DROWSY,0
2991,2026-10-01T20:16:10,0.0866,DROWSY,0
2992,2026-10-01T20:16:10,0.1012,DROWSY,0
2993,2026-10-01T20:16:11,0.0973,DROWSY,0
2994,2026-10-01T20:16:11,0.1004,DROWSY,0
2995,2026-10-01T20:16:11,0.1033,DROWSY,0
2996,2026-10-01T20:16:11,0.0852,DROWSY,0
2997,2026-10-01T20:16:11,0.0919,DROWSY,0
2998,2026-10-01T20:16:11,0.0777,DROWSY,0
2999,2026-10-01T20:16:11,0.0740,DROWSY,0
3000,2026-10-01T20:16:11,0.0812,DROWSY,0
3001,2026-10-01T20:16:11,0.0712,DROWSY,0
3002,2026-10-01T20:16:11,0.0526,DROWSY,0
3003,2026-10-01T20:16:11,0.0565,DROWSY,0
3004,2026-10-01T20:16:11,0.0553,DROWSY,0
3005,2026-10-01T20:16:11,0.0594,DROWSY,0
3006,2026-10-01T20:16:11,0.0574,DROWSY,0
3007,2026-10-01T20:16:11,0.0529,DROWSY,0
3008,2026-10-01T20:16:11,0.0555,DROWSY,0
3009,2026-10-01T20:16:11,0.0539,DROWSY,0
3010,2026-10-01T20:16:11,0.0498,DROWSY,0
3011,2026-10-01T20:16:11,0.0434,DROWSY,0
3012,2026-10-01T20:16:11,0.0455,DROWSY,0
3013,2026-10-01T20:16:11,0.0455,DROWSY,0
3014,2026-10-01T20:16:11,0.0461,DROWSY,0
3015,2026-10-01T20:16:11,0.0494,DROWSY,0
3016,2026-10-01T20:16:11,0.0549,DROWSY,0
3017,2026-10-01T20:16:11,0.0575,DROWSY,0
3018,2026-10-01T20:16:11,0.0659,DROWSY,0
3019,2026-10-01T20:16:11,0.0741,DROWSY,0
3020,2026-10-01T20:16:11,0.1139,DROWSY,0
3021,2026-10-01T20:16:11,0.1400,DROWSY,0
3022,2026-10-01T20:16:12,0.1880,DROWSY,0
3023,2026-10-01T20:16:12,0.1854,DROWSY,0
3024,2026-10-01T20:16:12,0.1895,DROWSY,0
3025,2026-10-01T20:16:12,0.1806,DROWSY,0
3026,2026-10-01T20:16:12,0.1338,DROWSY,0
3027,2026-10-01T20:16:12,0.1293,DROWSY,0
3028,2026-10-01T20:16:12,0.1101,DROWSY,0
3029,2026-10-01T20:16:12,0.1080,DROWSY,0
3030,2026-10-01T20:16:12,0.1140,DROWSY,0
3031,2026-10-01T20:16:12,0.1059,DROWSY,0
3032,2026-10-01T20:16:12,0.0957,DROWSY,0
3033,2026-10-01T20:16:12,0.0940,DROWSY,0
3034,2026-10-01T20:16:12,0.1005,DROWSY,0
3035,2026-10-01T20:16:12,0.0966,DROWSY,0
3036,2026-10-01T20:16:12,0.1080,DROWSY,0
3037,2026-10-01T20:16:12,0.1037,DROWSY,0
3038,2026-10-01T20:16:12,0.1016,DROWSY,0
3039,2026-10-01T20:16:12,0.0822,DROWSY,0
3040,2026-10-01T20:16:12,0.0680,DROWSY,0
3041,2026-10-01T20:16:12,0.0707,DROWSY,0
3042,2026-10-01T20:16:12,0.0789,DROWSY,0
3043,2026-10-01T20:16:12,0.0629,DROWSY,0
3044,2026-10-01T20:16:12,0.0521,DROWSY,0
3045,2026-10-01T20:16:12,0.0460,DROWSY,0
3046,2026-10-01T20:16:12,0.0376,DROWSY,0
3047,2026-10-01T20:16:12,0.0334,DROWSY,0
3048,2026-10-01T20:16:12,0.0351,DROWSY,0
3049,2026-10-01T20:16:12,0.0394,DROWSY,0
3050,2026-10-01T20:16:12,0.0429,DROWSY,0
3051,2026-10-01T20:16:12,0.0444,DROWSY,0
3052,2026-10-01T20:16:13,0.0422,DROWSY,0
3053,2026-10-01T20:16:13,0.0616,DROWSY,0
3054,2026-10-01T20:16:13,0.0563,DROWSY,0
3055,2026-10-01T20:16:13,0.0508,DROWSY,0
3056,2026-10-01T20:16:13,0.0508,DROWSY,0
3057,2026-10-01T20:16:13,0.0479,DROWSY,0
3058,2026-10-01T20:16:13,0.0479,DROWSY,0
3059,2026-10-01T20:16:13,0.0558,DROWSY,0
3060,2026-10-01T20:16:13,0.0577,DROWSY,0
3061,2026-10-01T20:16:13,0.0569,DROWSY,0
3062,2026-10-01T20:16:13,0.0569,DROWSY,0
3063,2026-10-01T20:16:13,0.0538,DROWSY,0
3064,2026-10-01T20:16:13,0.0521,DROWSY,0
3065,2026-10-01T20:16:13,0.0452,DROWSY,0
3066,2026-10-01T20:16:13,0.0466,DROWSY,0
3067,2026-10-01T20:16:13,0.0486,DROWSY,0
3068,2026-10-01T20:16:13,0.0569,DROWSY,0
3069,2026-10-01T20:16:13,0.0525,DROWSY,0
3070,2026-10-01T20:16:13,0.0592,DROWSY,0
3071,2026-10-01T20:16:13,0.0630,DROWSY,0
3072,2026-10-01T20:16:13,0.0609,DROWSY,0
3073,2026-10-01T20:16:13,0.0435,DROWSY,0
3074,2026-10-01T20:16:13,0.0607,DROWSY,0
3075,2026-10-01T20:16:13,0.0504,DROWSY,0
3076,2026-10-01T20:16:13,0.0564,DROWSY,0
3077,2026-10-01T20:16:13,0.0678,DROWSY,0
3078,2026-10-01T20:16:13,0.0669,DROWSY,0
3079,2026-10-01T20:16:13,0.0609,DROWSY,0
3080,2026-10-01T20:16:13,0.0637,DROWSY,0
3081,2026-10-01T20:16:13,0.0636,DROWSY,0
3082,2026-10-01T20:16:14,0.0623,DROWSY,0
3083,2026-10-01T20:16:14,0.0710,DROWSY,0
3084,2026-10-01T20:16:14,0.0770,DROWSY,0
3085,2026-10-01T20:16:14,0.0825,DROWSY,0
3086,2026-10-01T20:16:14,0.0905,DROWSY,0
3087,2026-10-01T20:16:14,0.0808,DROWSY,0
3088,2026-10-01T20:16:14,0.0758,DROWSY,0
3089,2026-10-01T20:16:14,0.0987,DROWSY,0
3090,2026-10-01T20:16:14,0.1375,DROWSY,0
3091,2026-10-01T20:16:14,0.1627,DROWSY,0
3092,2026-10-01T20:16:14,0.1802,DROWSY,0
3093,2026-10-01T20:16:14,0.2127,DROWSY,0
3094,2026-10-01T20:16:14,0.2269,DROWSY,0
3095,2026-10-01T20:16:14,0.2292,DROWSY,0
3096,2026-10-01T20:16:14,0.2170,DROWSY,0
3097,2026-10-01T20:16:14,0.2266,DROWSY,0
3098,2026-10-01T20:16:14,0.2086,DROWSY,0
3099,2026-10-01T20:16:14,0.2168,DROWSY,0
3100,2026-10-01T20:16:14,0.1961,DROWSY,0
3101,2026-10-01T20:16:14,0.2167,DROWSY,0
3102,2026-10-01T20:16:14,0.2017,DROWSY,0
3103,2026-10-01T20:16:14,0.1661,DROWSY,0
3104,2026-10-01T20:16:14,0.1157,DROWSY,0
3105,2026-10-01T20:16:14,0.1043,DROWSY,0
3106,2026-10-01T20:16:14,0.1132,DROWSY,0
3107,2026-10-01T20:16:14,0.1529,DROWSY,0
3108,2026-10-01T20:16:14,0.1563,DROWSY,0
3109,2026-10-01T20:16:14,0.1675,DROWSY,0
3110,2026-10-01T20:16:14,0.1801,DROWSY,0
3111,2026-10-01T20:16:14,0.1712,DROWSY,0
3112,2026-10-01T20:16:14,0.1674,DROWSY,0
3113,2026-10-01T20:16:15,0.1835,DROWSY,0
3114,2026-10-01T20:16:15,0.1778,DROWSY,0
3115,2026-10-01T20:16:15,0.1680,DROWSY,0
3116,2026-10-01T20:16:15,0.1605,DROWSY,0
3117,2026-10-01T20:16:15,0.1610,DROWSY,0
3118,2026-10-01T20:16:15,0.1547,DROWSY,0
3119,2026-10-01T20:16:15,0.1610,DROWSY,0
3120,2026-10-01T20:16:15,0.1600,DROWSY,0
3121,2026-10-01T20:16:15,0.1632,DROWSY,0
3122,2026-10-01T20:16:15,0.1464,DROWSY,0
3123,2026-10-01T20:16:15,0.1797,DROWSY,0
3124,2026-10-01T20:16:15,0.2147,DROWSY,0
3125,2026-10-01T20:16:15,0.2266,DROWSY,0
3126,2026-10-01T20:16:15,0.2391,DROWSY,0
3127,2026-10-01T20:16:15,0.2619,ALERT,0
3128,2026-10-01T20:16:15,0.2503,ALERT,0
3129,2026-10-01T20:16:15,0.2524,ALERT,0
3130,2026-10-01T20:16:15,0.2486,EYES CLOSED,0
3131,2026-10-01T20:16:15,0.2382,EYES CLOSED,0
3132,2026-10-01T20:16:15,0.2380,EYES CLOSED,0
3133,2026-10-01T20:16:15,0.2226,EYES CLOSED,0
3134,2026-10-01T20:16:15,0.2194,EYES CLOSED,0
3135,2026-10-01T20:16:15,0.2187,EYES CLOSED,0
3136,2026-10-01T20:16:15,0.2188,EYES CLOSED,0
3137,2026-10-01T20:16:15,0.2119,EYES CLOSED,0
3138,2026-10-01T20:16:15,0.2174,EYES CLOSED,0
3139,2026-10-01T20:16:15,0.2236,EYES CLOSED,0
3140,2026-10-01T20:16:15,0.2242,EYES CLOSED,0
3141,2026-10-01T20:16:15,0.2189,EYES CLOSED,0
3142,2026-10-01T20:16:16,0.2115,EYES CLOSED,0
3143,2026-10-01T20:16:16,0.2137,EYES CLOSED,0
3144,2026-10-01T20:16:16,0.0841,EYES CLOSED,0
3145,2026-10-01T20:16:16,0.0552,EYES CLOSED,0
3146,2026-10-01T20:16:16,0.0443,EYES CLOSED,0
3147,2026-10-01T20:16:16,0.1085,EYES CLOSED,0
3148,2026-10-01T20:16:16,0.1759,EYES CLOSED,0
3149,2026-10-01T20:16:16,0.2001,DROWSY,1
3150,2026-10-01T20:16:16,0.2022,DROWSY,0
3151,2026-10-01T20:16:16,0.2081,DROWSY,0
3152,2026-10-01T20:16:16,0.2356,DROWSY,0
3153,2026-10-01T20:16:16,0.2421,DROWSY,0
3154,2026-10-01T20:16:16,0.2429,DROWSY,0
3155,2026-10-01T20:16:16,0.2274,DROWSY,0
3156,2026-10-01T20:16:16,0.2374,DROWSY,0
3157,2026-10-01T20:16:16,0.2237,DROWSY,0
3158,2026-10-01T20:16:16,0.1951,DROWSY,0
3159,2026-10-01T20:16:16,0.1891,DROWSY,0
3160,2026-10-01T20:16:16,0.1765,DROWSY,0
3161,2026-10-01T20:16:16,0.1715,DROWSY,0
3162,2026-10-01T20:16:16,0.1758,DROWSY,0
3163,2026-10-01T20:16:16,0.1718,DROWSY,0
3164,2026-10-01T20:16:16,0.1683,DROWSY,0
3165,2026-10-01T20:16:16,0.1673,DROWSY,0
3166,2026-10-01T20:16:16,0.1870,DROWSY,0
3167,2026-10-01T20:16:16,0.1385,DROWSY,0
3168,2026-10-01T20:16:16,0.1693,DROWSY,0
3169,2026-10-01T20:16:16,0.1923,DROWSY,0
3170,2026-10-01T20:16:16,0.1868,DROWSY,0
3171,2026-10-01T20:16:16,0.1869,DROWSY,0
3172,2026-10-01T20:16:16,0.1968,DROWSY,0
3173,2026-10-01T20:16:17,0.1999,DROWSY,0
3174,2026-10-01T20:16:17,0.1982,DROWSY,0
3175,2026-10-01T20:16:17,0.2020,DROWSY,0
3176,2026-10-01T20:16:17,0.1422,DROWSY,0
3177,2026-10-01T20:16:17,0.0850,DROWSY,0
3178,2026-10-01T20:16:17,0.0695,DROWSY,0
3179,2026-10-01T20:16:17,0.1030,DROWSY,0
3180,2026-10-01T20:16:17,0.1414,DROWSY,0
3181,2026-10-01T20:16:17,0.1819,DROWSY,0
3182,2026-10-01T20:16:17,0.2060,DROWSY,0
3183,2026-10-01T20:16:17,0.2293,DROWSY,0
3184,2026-10-01T20:16:17,0.2510,ALERT,0
3185,2026-10-01T20:16:17,0.2450,EYES CLOSED,0
3186,2026-10-01T20:16:17,0.2406,EYES CLOSED,0
3187,2026-10-01T20:16:17,0.2748,ALERT,0
3188,2026-10-01T20:16:17,0.2512,ALERT,0
3189,2026-10-01T20:16:17,0.2029,EYES CLOSED,0
3190,2026-10-01T20:16:17,0.1814,EYES CLOSED,0
3191,2026-10-01T20:16:17,0.1927,EYES CLOSED,0
3192,2026-10-01T20:16:17,0.1804,EYES CLOSED,0
3193,2026-10-01T20:16:17,0.1647,EYES CLOSED,0
3194,2026-10-01T20:16:17,0.1733,EYES CLOSED,0
3195,2026-10-01T20:16:17,0.1755,EYES CLOSED,0
3196,2026-10-01T20:16:17,0.1749,EYES CLOSED,0
3197,2026-10-01T20:16:17,0.1663,EYES CLOSED,0
3198,2026-10-01T20:16:17,0.1750,EYES CLOSED,0
3199,2026-10-01T20:16:17,0.1630,EYES CLOSED,0
3200,2026-10-01T20:16:17,0.1841,EYES CLOSED,0
3201,2026-10-01T20:16:17,0.1790,EYES CLOSED,0
3202,2026-10-01T20:16:18,0.1730,EYES CLOSED,0
3203,2026-10-01T20:16:18,0.1852,EYES CLOSED,0
3204,2026-10-01T20:16:18,0.2007,EYES CLOSED,0
3205,2026-10-01T20:16:18,0.2234,EYES CLOSED,0
3206,2026-10-01T20:16:18,0.1985,EYES CLOSED,0
3207,2026-10-01T20:16:18,0.2056,EYES CLOSED,0
3208,2026-10-01T20:16:18,0.1957,DROWSY,1
3209,2026-10-01T20:16:18,0.1419,DROWSY,0
3210,2026-10-01T20:16:18,0.0797,DROWSY,0
3211,2026-10-01T20:16:18,0.0660,DROWSY,0
3212,2026-10-01T20:16:18,0.1075,DROWSY,0
3213,2026-10-01T20:16:18,0.1650,DROWSY,0
3214,2026-10-01T20:16:18,0.2404,DROWSY,0
3215,2026-10-01T20:16:18,0.2386,DROWSY,0
3216,2026-10-01T20:16:18,0.2516,ALERT,0
3217,2026-10-01T20:16:18,0.2458,EYES CLOSED,0
3218,2026-10-01T20:16:18,0.2355,EYES CLOSED,0
3219,2026-10-01T20:16:18,0.2195,EYES CLOSED,0
3220,2026-10-01T20:16:18,0.2366,EYES CLOSED,0
3221,2026-10-01T20:16:18,0.2319,EYES CLOSED,0
3222,2026-10-01T20:16:18,0.2623,ALERT,0
3223,2026-10-01T20:16:18,0.2551,ALERT,0
3224,2026-10-01T20:16:18,0.2490,EYES CLOSED,0
3225,2026-10-01T20:16:18,0.2413,EYES CLOSED,0
3226,2026-10-01T20:16:18,0.2381,EYES CLOSED,0
3227,2026-10-01T20:16:18,0.2147,EYES CLOSED,0
3228,2026-10-01T20:16:18,0.2099,EYES CLOSED,0
3229,2026-10-01T20:16:18,0.2092,EYES CLOSED,0
3230,2026-10-01T20:16:18,0.2070,EYES CLOSED,0
3231,2026-10-01T20:16:18,0.2113,EYES CLOSED,0
3232,2026-10-01T20:16:19,0.2189,EYES CLOSED,0
3233,2026-10-01T20:16:19,0.2251,EYES CLOSED,0
3234,2026-10-01T20:16:19,0.2245,EYES CLOSED,0
3235,2026-10-01T20:16:19,0.2260,EYES CLOSED,0
3236,2026-10-01T20:16:19,0.2255,EYES CLOSED,0
3237,2026-10-01T20:16:19,0.2225,EYES CLOSED,0
3238,2026-10-01T20:16:19,0.2157,EYES CLOSED,0
3239,2026-10-01T20:16:19,0.1976,EYES CLOSED,0
3240,2026-10-01T20:16:19,0.1632,EYES CLOSED,0
3241,2026-10-01T20:16:19,0.0857,EYES CLOSED,0
3242,2026-10-01T20:16:19,0.0851,EYES CLOSED,0
3243,2026-10-01T20:16:19,0.1426,DROWSY,1
3244,2026-10-01T20:16:19,0.1418,DROWSY,0
3245,2026-10-01T20:16:19,0.1537,DROWSY,0
3246,2026-10-01T20:16:19,0.1436,DROWSY,0
3247,2026-10-01T20:16:19,0.1628,DROWSY,0
3248,2026-10-01T20:16:19,0.2010,DROWSY,0
3249,2026-10-01T20:16:19,0.2096,DROWSY,0
3250,2026-10-01T20:16:19,0.2689,ALERT,0
3251,2026-10-01T20:16:19,0.2824,ALERT,0
3252,2026-10-01T20:16:19,0.3419,ALERT,0
3253,2026-10-01T20:16:19,0.3638,ALERT,0
3254,2026-10-01T20:16:19,0.3710,ALERT,0
3255,2026-10-01T20:16:19,0.3654,ALERT,0
3256,2026-10-01T20:16:19,0.3463,ALERT,0
3257,2026-10-01T20:16:19,0.3663,ALERT,0
3258,2026-10-01T20:16:19,0.3518,ALERT,0
3259,2026-10-01T20:16:19,0.3558,ALERT,0
3260,2026-10-01T20:16:19,0.3619,ALERT,0
3261,2026-10-01T20:16:19,0.3690,ALERT,0
3262,2026-10-01T20:16:20,0.3505,ALERT,0
3263,2026-10-01T20:16:20,0.3626,ALERT,0
3264,2026-10-01T20:16:20,0.3525,ALERT,0
3265,2026-10-01T20:16:20,0.3539,ALERT,0
3266,2026-10-01T20:16:20,0.3580,ALERT,0
3267,2026-10-01T20:16:20,0.3510,ALERT,0
3268,2026-10-01T20:16:20,0.3484,ALERT,0
3269,2026-10-01T20:16:20,0.3499,ALERT,0
3270,2026-10-01T20:16:20,0.3243,ALERT,0
3271,2026-10-01T20:16:20,0.2569,ALERT,0
3272,2026-10-01T20:16:20,0.1916,EYES CLOSED,0
3273,2026-10-01T20:16:20,0.1163,EYES CLOSED,0
3274,2026-10-01T20:16:20,0.1135,EYES CLOSED,0
3275,2026-10-01T20:16:20,0.1115,EYES CLOSED,0
3276,2026-10-01T20:16:20,0.1178,EYES CLOSED,0
3277,2026-10-01T20:16:20,0.1279,EYES CLOSED,0
3278,2026-10-01T20:16:20,0.1087,EYES CLOSED,0
3279,2026-10-01T20:16:20,0.1341,EYES CLOSED,0
3280,2026-10-01T20:16:20,0.1469,EYES CLOSED,0
3281,2026-10-01T20:16:20,0.1501,EYES CLOSED,0
3282,2026-10-01T20:16:20,0.1417,EYES CLOSED,0
3283,2026-10-01T20:16:20,0.1539,EYES CLOSED,0
3284,2026-10-01T20:16:20,0.1592,EYES CLOSED,0
3285,2026-10-01T20:16:20,0.1575,EYES CLOSED,0
3286,2026-10-01T20:16:20,0.1605,EYES CLOSED,0
3287,2026-10-01T20:16:20,0.1576,EYES CLOSED,0
3288,2026-10-01T20:16:20,0.1521,EYES CLOSED,0
3289,2026-10-01T20:16:20,0.1755,EYES CLOSED,0
3290,2026-10-01T20:16:20,0.1897,EYES CLOSED,0
3291,2026-10-01T20:16:20,0.1804,DROWSY,1
3292,2026-10-01T20:16:21,0.1632,DROWSY,0
3293,2026-10-01T20:16:21,0.1694,DROWSY,0
3294,2026-10-01T20:16:21,0.1678,DROWSY,0
3295,2026-10-01T20:16:21,0.1503,DROWSY,0
3296,2026-10-01T20:16:21,0.1613,DROWSY,0
3297,2026-10-01T20:16:21,0.1687,DROWSY,0
3298,2026-10-01T20:16:21,0.1647,DROWSY,0
3299,2026-10-01T20:16:21,0.1464,DROWSY,0
3300,2026-10-01T20:16:21,0.1526,DROWSY,0
3301,2026-10-01T20:16:21,0.1686,DROWSY,0
3302,2026-10-01T20:16:21,0.1667,DROWSY,0
3303,2026-10-01T20:16:21,0.1656,DROWSY,0
3304,2026-10-01T20:16:21,0.1642,DROWSY,0
3305,2026-10-01T20:16:21,0.1629,DROWSY,0
3306,2026-10-01T20:16:21,0.1640,DROWSY,0
3307,2026-10-01T20:16:21,0.1711,DROWSY,0
3308,2026-10-01T20:16:21,0.1721,DROWSY,0
3309,2026-10-01T20:16:21,0.1731,DROWSY,0
3310,2026-10-01T20:16:21,0.1736,DROWSY,0
3311,2026-10-01T20:16:21,0.1710,DROWSY,0
3312,2026-10-01T20:16:21,0.1690,DROWSY,0
3313,2026-10-01T20:16:21,0.1713,DROWSY,0
3314,2026-10-01T20:16:21,0.1717,DROWSY,0
3315,2026-10-01T20:16:21,0.1791,DROWSY,0
3316,2026-10-01T20:16:21,0.1831,DROWSY,0
3317,2026-10-01T20:16:21,0.2140,DROWSY,0
3318,2026-10-01T20:16:21,0.2004,DROWSY,0
3319,2026-10-01T20:16:21,0.2107,DROWSY,0
3320,2026-10-01T20:16:21,0.2127,DROWSY,0
3321,2026-10-01T20:16:21,0.2217,DROWSY,0
3322,2026-10-01T20:16:22,0.2326,DROWSY,0
3323,2026-10-01T20:16:22,0.2185,DROWSY,0
3324,2026-10-01T20:16:22,0.1170,DROWSY,0
3325,2026-10-01T20:16:22,0.1032,DROWSY,0
3326,2026-10-01T20:16:22,0.0791,DROWSY,0
3327,2026-10-01T20:16:22,0.1029,DROWSY,0
3328,2026-10-01T20:16:22,0.1420,DROWSY,0
3329,2026-10-01T20:16:22,0.2053,DROWSY,0
3330,2026-10-01T20:16:22,0.2307,DROWSY,0
3331,2026-10-01T20:16:22,0.2345,DROWSY,0
3332,2026-10-01T20:16:22,0.2371,DROWSY,0
3333,2026-10-01T20:16:22,0.2861,ALERT,0
3334,2026-10-01T20:16:22,0.2932,ALERT,0
3335,2026-10-01T20:16:22,0.2872,ALERT,0
3336,2026-10-01T20:16:22,0.2658,ALERT,0
3337,2026-10-01T20:16:22,0.2849,ALERT,0
3338,2026-10-01T20:16:22,0.2903,ALERT,0
3339,2026-10-01T20:16:22,0.3053,ALERT,0
3340,2026-10-01T20:16:22,0.2819,ALERT,0
3341,2026-10-01T20:16:22,0.2620,ALERT,0
3342,2026-10-01T20:16:22,0.2772,ALERT,0
3343,2026-10-01T20:16:22,0.2457,EYES CLOSED,0
3344,2026-10-01T20:16:22,0.2375,EYES CLOSED,0
3345,2026-10-01T20:16:22,0.2178,EYES CLOSED,0
3346,2026-10-01T20:16:22,0.2170,EYES CLOSED,0
3347,2026-10-01T20:16:22,0.2110,EYES CLOSED,0
3348,2026-10-01T20:16:22,0.2181,EYES CLOSED,0
3349,2026-10-01T20:16:22,0.2295,EYES CLOSED,0
3350,2026-10-01T20:16:22,0.2307,EYES CLOSED,0
3351,2026-10-01T20:16:22,0.2306,EYES CLOSED,0
3352,2026-10-01T20:16:22,0.2557,ALERT,0
3353,2026-10-01T20:16:23,0.2611,ALERT,0
3354,2026-10-01T20:16:23,0.2405,EYES CLOSED,0
3355,2026-10-01T20:16:23,0.2522,ALERT,0
3356,2026-10-01T20:16:23,0.2455,EYES CLOSED,0
3357,2026-10-01T20:16:23,0.2450,EYES CLOSED,0
3358,2026-10-01T20:16:23,0.2522,ALERT,0
3359,2026-10-01T20:16:23,0.1896,EYES CLOSED,0
3360,2026-10-01T20:16:23,0.0544,EYES CLOSED,0
3361,2026-10-01T20:16:23,0.0305,EYES CLOSED,0
3362,2026-10-01T20:16:23,0.0623,EYES CLOSED,0
3363,2026-10-01T20:16:23,0.1601,EYES CLOSED,0
3364,2026-10-01T20:16:23,0.2197,EYES CLOSED,0
3365,2026-10-01T20:16:23,0.2299,EYES CLOSED,0
3366,2026-10-01T20:16:23,0.2423,EYES CLOSED,0
3367,2026-10-01T20:16:23,0.2432,EYES CLOSED,0
3368,2026-10-01T20:16:23,0.2529,ALERT,0
3369,2026-10-01T20:16:23,0.2567,ALERT,0
3370,2026-10-01T20:16:23,0.2699,ALERT,0
3371,2026-10-01T20:16:23,0.2859,ALERT,0
3372,2026-10-01T20:16:23,0.2872,ALERT,0
3373,2026-10-01T20:16:23,0.2947,ALERT,0
3374,2026-10-01T20:16:23,0.2958,ALERT,0
3375,2026-10-01T20:16:23,0.2937,ALERT,0
3376,2026-10-01T20:16:23,0.2856,ALERT,0
3377,2026-10-01T20:16:23,0.2816,ALERT,0
3378,2026-10-01T20:16:23,0.2797,ALERT,0
3379,2026-10-01T20:16:23,0.2881,ALERT,0
3380,2026-10-01T20:16:23,0.2705,ALERT,0
3381,2026-10-01T20:16:23,0.2001,EYES CLOSED,0
3382,2026-10-01T20:16:24,0.1075,EYES CLOSED,0
3383,2026-10-01T20:16:24,0.0680,EYES CLOSED,0
3384,2026-10-01T20:16:24,0.0986,EYES CLOSED,0
3385,2026-10-01T20:16:24,0.1417,EYES CLOSED,0
3386,2026-10-01T20:16:24,0.1685,EYES CLOSED,0
3387,2026-10-01T20:16:24,0.1865,EYES CLOSED,0
3388,2026-10-01T20:16:24,0.1762,EYES CLOSED,0
3389,2026-10-01T20:16:24,0.2062,EYES CLOSED,0
3390,2026-10-01T20:16:24,0.2008,EYES CLOSED,0
3391,2026-10-01T20:16:24,0.2019,EYES CLOSED,0
3392,2026-10-01T20:16:24,0.2068,EYES CLOSED,0
3393,2026-10-01T20:16:24,0.2039,EYES CLOSED,0
3394,2026-10-01T20:16:24,0.2005,EYES CLOSED,0
3395,2026-10-01T20:16:24,0.1981,EYES CLOSED,0
3396,2026-10-01T20:16:24,0.1888,EYES CLOSED,0
3397,2026-10-01T20:16:24,0.2192,EYES CLOSED,0
3398,2026-10-01T20:16:24,0.2221,EYES CLOSED,0
3399,2026-10-01T20:16:24,0.2228,EYES CLOSED,0
3400,2026-10-01T20:16:24,0.2196,DROWSY,1
3401,2026-10-01T20:16:24,0.2390,DROWSY,0
3402,2026-10-01T20:16:24,0.2331,DROWSY,0
3403,2026-10-01T20:16:24,0.2407,DROWSY,0
3404,2026-10-01T20:16:24,0.2483,DROWSY,0
3405,2026-10-01T20:16:24,0.2675,ALERT,0
3406,2026-10-01T20:16:24,0.2869,ALERT,0
3407,2026-10-01T20:16:24,0.2779,ALERT,0
3408,2026-10-01T20:16:24,0.2527,ALERT,0
3409,2026-10-01T20:16:24,0.2239,EYES CLOSED,0
3410,2026-10-01T20:16:24,0.2245,EYES CLOSED,0
3411,2026-10-01T20:16:24,0.2270,EYES CLOSED,0
3412,2026-10-01T20:16:25,0.2083,EYES CLOSED,0
3413,2026-10-01T20:16:25,0.2361,EYES CLOSED,0
3414,2026-10-01T20:16:25,0.2509,ALERT,0
3415,2026-10-01T20:16:25,0.2547,ALERT,0
3416,2026-10-01T20:16:25,0.2513,ALERT,0
3417,2026-10-01T20:16:25,0.2439,EYES CLOSED,0
3418,2026-10-01T20:16:25,0.2471,EYES CLOSED,0
3419,2026-10-01T20:16:25,0.2500,EYES CLOSED,0
3420,2026-10-01T20:16:25,0.2583,ALERT,0
3421,2026-10-01T20:16:25,0.2588,ALERT,0
3422,2026-10-01T20:16:25,0.2514,ALERT,0
3423,2026-10-01T20:16:25,0.2429,EYES CLOSED,0
3424,2026-10-01T20:16:25,0.2171,EYES CLOSED,0
3425,2026-10-01T20:16:25,0.2088,EYES CLOSED,0
3426,2026-10-01T20:16:25,0.2127,EYES CLOSED,0
3427,2026-10-01T20:16:25,0.2108,EYES CLOSED,0
3428,2026-10-01T20:16:25,0.1943,EYES CLOSED,0
3429,2026-10-01T20:16:25,0.1998,EYES CLOSED,0
3430,2026-10-01T20:16:25,0.2097,EYES CLOSED,0
3431,2026-10-01T20:16:25,0.2155,EYES CLOSED,0
3432,2026-10-01T20:16:25,0.2113,EYES CLOSED,0
3433,2026-10-01T20:16:25,0.2241,EYES CLOSED,0
3434,2026-10-01T20:16:25,0.2125,EYES CLOSED,0
3435,2026-10-01T20:16:25,0.2145,EYES CLOSED,0
3436,2026-10-01T20:16:25,0.2264,EYES CLOSED,0
3437,2026-10-01T20:16:25,0.2289,EYES CLOSED,0
3438,2026-10-01T20:16:25,0.2026,EYES CLOSED,0
3439,2026-10-01T20:16:25,0.2035,EYES CLOSED,0
3440,2026-10-01T20:16:25,0.2160,EYES CLOSED,0
3441,2026-10-01T20:16:25,0.2217,EYES CLOSED,0
3442,2026-10-01T20:16:26,0.2328,DROWSY,1
3443,2026-10-01T20:16:26,0.2169,DROWSY,0
3444,2026-10-01T20:16:26,0.2139,DROWSY,0
3445,2026-10-01T20:16:26,0.2257,DROWSY,0
3446,2026-10-01T20:16:26,0.2180,DROWSY,0
3447,2026-10-01T20:16:26,0.1211,DROWSY,0
3448,2026-10-01T20:16:26,0.0606,DROWSY,0
3449,2026-10-01T20:16:26,0.0473,DROWSY,0
3450,2026-10-01T20:16:26,0.0799,DROWSY,0
3451,2026-10-01T20:16:26,0.1131,DROWSY,0
3452,2026-10-01T20:16:26,0.2000,DROWSY,0
3453,2026-10-01T20:16:26,0.2272,DROWSY,0
3454,2026-10-01T20:16:26,0.2374,DROWSY,0
3455,2026-10-01T20:16:26,0.2558,ALERT,0
3456,2026-10-01T20:16:26,0.2587,ALERT,0
3457,2026-10-01T20:16:26,0.2858,ALERT,0
3458,2026-10-01T20:16:26,0.2816,ALERT,0
3459,2026-10-01T20:16:26,0.2503,ALERT,0
3460,2026-10-01T20:16:26,0.2562,ALERT,0
3461,2026-10-01T20:16:26,0.2570,ALERT,0
3462,2026-10-01T20:16:26,0.2645,ALERT,0
3463,2026-10-01T20:16:26,0.2544,ALERT,0
3464,2026-10-01T20:16:26,0.2717,ALERT,0
3465,2026-10-01T20:16:26,0.2748,ALERT,0
3466,2026-10-01T20:16:26,0.2892,ALERT,0
3467,2026-10-01T20:16:26,0.3025,ALERT,0
3468,2026-10-01T20:16:26,0.3183,ALERT,0
3469,2026-10-01T20:16:26,0.3127,ALERT,0
3470,2026-10-01T20:16:26,0.3087,ALERT,0
3471,2026-10-01T20:16:26,0.3246,ALERT,0
3472,2026-10-01T20:16:27,0.3153,ALERT,0
3473,2026-10-01T20:16:27,0.3235,ALERT,0
3474,2026-10-01T20:16:27,0.3055,ALERT,0
3475,2026-10-01T20:16:27,0.2808,ALERT,0
3476,2026-10-01T20:16:27,0.2915,ALERT,0
3477,2026-10-01T20:16:27,0.2980,ALERT,0
3478,2026-10-01T20:16:27,0.2765,ALERT,0
3479,2026-10-01T20:16:27,0.2789,ALERT,0
3480,2026-10-01T20:16:27,0.2724,ALERT,0
3481,2026-10-01T20:16:27,0.2832,ALERT,0
3482,2026-10-01T20:16:27,0.2855,ALERT,0
3483,2026-10-01T20:16:27,0.2913,ALERT,0
3484,2026-10-01T20:16:27,0.2903,ALERT,0
3485,2026-10-01T20:16:27,0.2882,ALERT,0
3486,2026-10-01T20:16:27,0.2899,ALERT,0
3487,2026-10-01T20:16:27,0.2862,ALERT,0
3488,2026-10-01T20:16:27,0.2825,ALERT,0
3489,2026-10-01T20:16:27,0.3070,ALERT,0
3490,2026-10-01T20:16:27,0.3041,ALERT,0
3491,2026-10-01T20:16:27,0.3003,ALERT,0
3492,2026-10-01T20:16:27,0.2985,ALERT,0
3493,2026-10-01T20:16:27,0.2911,ALERT,0
3494,2026-10-01T20:16:27,0.2850,ALERT,0
3495,2026-10-01T20:16:27,0.2754,ALERT,0
3496,2026-10-01T20:16:27,0.2744,ALERT,0
3497,2026-10-01T20:16:27,0.2888,ALERT,0
3498,2026-10-01T20:16:27,0.2890,ALERT,0
3499,2026-10-01T20:16:27,0.2978,ALERT,0
3500,2026-10-01T20:16:27,0.2736,ALERT,0
3501,2026-10-01T20:16:27,0.2865,ALERT,0
3502,2026-10-01T20:16:28,0.2799,ALERT,0
3503,2026-10-01T20:16:28,0.2800,ALERT,0
3504,2026-10-01T20:16:28,0.2765,ALERT,0
3505,2026-10-01T20:16:28,0.2785,ALERT,0
3506,2026-10-01T20:16:28,0.2766,ALERT,0
3507,2026-10-01T20:16:28,0.2751,ALERT,0
3508,2026-10-01T20:16:28,0.2722,ALERT,0
3509,2026-10-01T20:16:28,0.2696,ALERT,0
3510,2026-10-01T20:16:28,0.2698,ALERT,0
3511,2026-10-01T20:16:28,0.2741,ALERT,0
3512,2026-10-01T20:16:28,0.2794,ALERT,0
3513,2026-10-01T20:16:28,0.2897,ALERT,0
3514,2026-10-01T20:16:28,0.2831,ALERT,0
3515,2026-10-01T20:16:28,0.2862,ALERT,0
3516,2026-10-01T20:16:28,0.2897,ALERT,0
3517,2026-10-01T20:16:28,0.3070,ALERT,0
3518,2026-10-01T20:16:28,0.3121,ALERT,0
3519,2026-10-01T20:16:28,0.3136,ALERT,0
3520,2026-10-01T20:16:28,0.3136,ALERT,0
3521,2026-10-01T20:16:28,0.3138,ALERT,0
3522,2026-10-01T20:16:28,0.3093,ALERT,0
3523,2026-10-01T20:16:28,0.3065,ALERT,0
3524,2026-10-01T20:16:28,0.3011,ALERT,0
3525,2026-10-01T20:16:28,0.2971,ALERT,0
3526,2026-10-01T20:16:28,0.3221,ALERT,0
3527,2026-10-01T20:16:28,0.3140,ALERT,0
3528,2026-10-01T20:16:28,0.3112,ALERT,0
3529,2026-10-01T20:16:28,0.3108,ALERT,0
3530,2026-10-01T20:16:28,0.3117,ALERT,0
3531,2026-10-01T20:16:28,0.3105,ALERT,0
3532,2026-10-01T20:16:28,0.2535,ALERT,0
3533,2026-10-01T20:16:29,0.1687,EYES CLOSED,0
3534,2026-10-01T20:16:29,0.1602,EYES CLOSED,0
3535,2026-10-01T20:16:29,0.1638,EYES CLOSED,0
3536,2026-10-01T20:16:29,0.1644,EYES CLOSED,0
3537,2026-10-01T20:16:29,0.1591,EYES CLOSED,0
3538,2026-10-01T20:16:29,0.1508,EYES CLOSED,0
3539,2026-10-01T20:16:29,0.1496,EYES CLOSED,0
3540,2026-10-01T20:16:29,0.1342,EYES CLOSED,0
3541,2026-10-01T20:16:29,0.1229,EYES CLOSED,0
3542,2026-10-01T20:16:29,0.1268,EYES CLOSED,0
3543,2026-10-01T20:16:29,0.1351,EYES CLOSED,0
3544,2026-10-01T20:16:29,0.1235,EYES CLOSED,0
3545,2026-10-01T20:16:29,0.0963,EYES CLOSED,0
3546,2026-10-01T20:16:29,0.1029,EYES CLOSED,0
3547,2026-10-01T20:16:29,0.0970,EYES CLOSED,0
3548,2026-10-01T20:16:29,0.1086,EYES CLOSED,0
3549,2026-10-01T20:16:29,0.1152,EYES CLOSED,0
3550,2026-10-01T20:16:29,0.1198,EYES CLOSED,0
3551,2026-10-01T20:16:29,0.1312,EYES CLOSED,0
3552,2026-10-01T20:16:29,0.1450,DROWSY,1
3553,2026-10-01T20:16:29,0.1383,DROWSY,0
3554,2026-10-01T20:16:29,0.1407,DROWSY,0
3555,2026-10-01T20:16:29,0.1523,DROWSY,0
3556,2026-10-01T20:16:29,0.1630,DROWSY,0
3557,2026-10-01T20:16:29,0.1536,DROWSY,0
3558,2026-10-01T20:16:29,0.1347,DROWSY,0
3559,2026-10-01T20:16:29,0.2241,DROWSY,0
3560,2026-10-01T20:16:29,0.2361,DROWSY,0
3561,2026-10-01T20:16:29,0.2546,ALERT,0
3562,2026-10-01T20:16:30,0.2792,ALERT,0
3563,2026-10-01T20:16:30,0.2878,ALERT,0
3564,2026-10-01T20:16:30,0.2874,ALERT,0
3565,2026-10-01T20:16:30,0.2918,ALERT,0
3566,2026-10-01T20:16:30,0.2919,ALERT,0
3567,2026-10-01T20:16:30,0.2958,ALERT,0
3568,2026-10-01T20:16:30,0.2927,ALERT,0
3569,2026-10-01T20:16:30,0.2771,ALERT,0
3570,2026-10-01T20:16:30,0.2781,ALERT,0
3571,2026-10-01T20:16:30,0.2760,ALERT,0
3572,2026-10-01T20:16:30,0.2771,ALERT,0
3573,2026-10-01T20:16:30,0.2733,ALERT,0
3574,2026-10-01T20:16:30,0.2700,ALERT,0
3575,2026-10-01T20:16:30,0.2780,ALERT,0
3576,2026-10-01T20:16:30,0.2937,ALERT,0
3577,2026-10-01T20:16:30,0.2934,ALERT,0
3578,2026-10-01T20:16:30,0.2938,ALERT,0
3579,2026-10-01T20:16:30,0.2934,ALERT,0
3580,2026-10-01T20:16:30,0.2962,ALERT,0
3581,2026-10-01T20:16:30,0.2937,ALERT,0
3582,2026-10-01T20:16:30,0.2908,ALERT,0
3583,2026-10-01T20:16:30,0.2919,ALERT,0
3584,2026-10-01T20:16:30,0.2939,ALERT,0
3585,2026-10-01T20:16:30,0.2957,ALERT,0
3586,2026-10-01T20:16:30,0.2959,ALERT,0
3587,2026-10-01T20:16:30,0.2958,ALERT,0
3588,2026-10-01T20:16:30,0.2969,ALERT,0
3589,2026-10-01T20:16:30,0.2971,ALERT,0
3590,2026-10-01T20:16:30,0.2958,ALERT,0
3591,2026-10-01T20:16:30,0.2947,ALERT,0
3592,2026-10-01T20:16:30,0.2951,ALERT,0
3593,2026-10-01T20:16:31,0.2995,ALERT,0
3594,2026-10-01T20:16:31,0.3006,ALERT,0
3595,2026-10-01T20:16:31,0.3062,ALERT,0
3596,2026-10-01T20:16:31,0.3048,ALERT,0
3597,2026-10-01T20:16:31,0.3029,ALERT,0
3598,2026-10-01T20:16:31,0.3006,ALERT,0
3599,2026-10-01T20:16:31,0.3038,ALERT,0
3600,2026-10-01T20:16:31,0.3045,ALERT,0
3601,2026-10-01T20:16:31,0.3049,ALERT,0
3602,2026-10-01T20:16:31,0.3047,ALERT,0
3603,2026-10-01T20:16:31,0.3042,ALERT,0
3604,2026-10-01T20:16:31,0.3022,ALERT,0
3605,2026-10-01T20:16:31,0.3017,ALERT,0
3606,2026-10-01T20:16:31,0.3014,ALERT,0
3607,2026-10-01T20:16:31,0.3009,ALERT,0
3608,2026-10-01T20:16:31,0.3021,ALERT,0
3609,2026-10-01T20:16:31,0.3027,ALERT,0
3610,2026-10-01T20:16:31,0.3031,ALERT,0
3611,2026-10-01T20:16:31,0.3038,ALERT,0
3612,2026-10-01T20:16:31,0.3048,ALERT,0
3613,2026-10-01T20:16:31,0.3035,ALERT,0
3614,2026-10-01T20:16:31,0.3011,ALERT,0
3615,2026-10-01T20:16:31,0.2888,ALERT,0
3616,2026-10-01T20:16:31,0.2830,ALERT,0
3617,2026-10-01T20:16:31,0.2771,ALERT,0
3618,2026-10-01T20:16:31,0.2787,ALERT,0
3619,2026-10-01T20:16:31,0.2825,ALERT,0
3620,2026-10-01T20:16:31,0.2833,ALERT,0
3621,2026-10-01T20:16:31,0.2820,ALERT,0
3622,2026-10-01T20:16:32,0.2795,ALERT,0
3623,2026-10-01T20:16:32,0.2812,ALERT,0
3624,2026-10-01T20:16:32,0.2818,ALERT,0
3625,2026-10-01T20:16:32,0.2809,ALERT,0
3626,2026-10-01T20:16:32,0.2809,ALERT,0
3627,2026-10-01T20:16:32,0.2796,ALERT,0
3628,2026-10-01T20:16:32,0.2770,ALERT,0
3629,2026-10-01T20:16:32,0.2772,ALERT,0
3630,2026-10-01T20:16:32,0.2793,ALERT,0
3631,2026-10-01T20:16:32,0.2768,ALERT,0
3632,2026-10-01T20:16:32,0.2749,ALERT,0
3633,2026-10-01T20:16:32,0.2875,ALERT,0
3634,2026-10-01T20:16:32,0.2826,ALERT,0
3635,2026-10-01T20:16:32,0.2813,ALERT,0
3636,2026-10-01T20:16:32,0.2813,ALERT,0
3637,2026-10-01T20:16:32,0.2779,ALERT,0
3638,2026-10-01T20:16:32,0.2807,ALERT,0
3639,2026-10-01T20:16:32,0.2826,ALERT,0
3640,2026-10-01T20:16:32,0.2811,ALERT,0
3641,2026-10-01T20:16:32,0.2777,ALERT,0
3642,2026-10-01T20:16:32,0.2773,ALERT,0
3643,2026-10-01T20:16:32,0.2737,ALERT,0
3644,2026-10-01T20:16:32,0.2673,ALERT,0
3645,2026-10-01T20:16:32,0.2645,ALERT,0
3646,2026-10-01T20:16:32,0.2638,ALERT,0
3647,2026-10-01T20:16:32,0.2632,ALERT,0
3648,2026-10-01T20:16:32,0.2027,EYES CLOSED,0
3649,2026-10-01T20:16:32,0.1053,EYES CLOSED,0
3650,2026-10-01T20:16:32,0.1055,EYES CLOSED,0
3651,2026-10-01T20:16:32,0.1217,EYES CLOSED,0
3652,2026-10-01T20:16:33,0.1916,EYES CLOSED,0
3653,2026-10-01T20:16:33,0.2277,EYES CLOSED,0
3654,2026-10-01T20:16:33,0.2530,ALERT,0
3655,2026-10-01T20:16:33,0.2649,ALERT,0
3656,2026-10-01T20:16:33,0.2868,ALERT,0
3657,2026-10-01T20:16:33,0.2913,ALERT,0
3658,2026-10-01T20:16:33,0.2933,ALERT,0
3659,2026-10-01T20:16:33,0.2924,ALERT,0
3660,2026-10-01T20:16:33,0.2936,ALERT,0
3661,2026-10-01T20:16:33,0.2918,ALERT,0
3662,2026-10-01T20:16:33,0.2935,ALERT,0
3663,2026-10-01T20:16:33,0.2955,ALERT,0
3664,2026-10-01T20:16:33,0.2974,ALERT,0
3665,2026-10-01T20:16:33,0.3044,ALERT,0
3666,2026-10-01T20:16:33,0.3060,ALERT,0
3667,2026-10-01T20:16:33,0.3074,ALERT,0
3668,2026-10-01T20:16:33,0.3034,ALERT,0
3669,2026-10-01T20:16:33,0.3050,ALERT,0
3670,2026-10-01T20:16:33,0.3036,ALERT,0
3671,2026-10-01T20:16:33,0.3009,ALERT,0
3672,2026-10-01T20:16:33,0.3032,ALERT,0
3673,2026-10-01T20:16:33,0.3059,ALERT,0
3674,2026-10-01T20:16:33,0.3072,ALERT,0
3675,2026-10-01T20:16:33,0.3063,ALERT,0
3676,2026-10-01T20:16:33,0.3054,ALERT,0
3677,2026-10-01T20:16:33,0.3047,ALERT,0
3678,2026-10-01T20:16:33,0.3052,ALERT,0
3679,2026-10-01T20:16:33,0.3046,ALERT,0
3680,2026-10-01T20:16:34,0.3047,ALERT,0
3681,2026-10-01T20:16:34,0.3039,ALERT,0
3682,2026-10-01T20:16:34,0.3032,ALERT,0
3683,2026-10-01T20:16:34,0.3041,ALERT,0
3684,2026-10-01T20:16:34,0.3021,ALERT,0
3685,2026-10-01T20:16:34,0.2975,ALERT,0
3686,2026-10-01T20:16:34,0.2406,EYES CLOSED,0
3687,2026-10-01T20:16:34,0.1215,EYES CLOSED,0
3688,2026-10-01T20:16:34,0.0900,EYES CLOSED,0
3689,2026-10-01T20:16:34,0.1272,EYES CLOSED,0
3690,2026-10-01T20:16:34,0.1731,EYES CLOSED,0
3691,2026-10-01T20:16:34,0.1772,EYES CLOSED,0
3692,2026-10-01T20:16:34,0.2172,EYES CLOSED,0
3693,2026-10-01T20:16:34,0.2541,ALERT,0
3694,2026-10-01T20:16:34,0.2728,ALERT,0
3695,2026-10-01T20:16:34,0.2762,ALERT,0
3696,2026-10-01T20:16:34,0.2938,ALERT,0
3697,2026-10-01T20:16:34,0.3006,ALERT,0
3698,2026-10-01T20:16:34,0.2947,ALERT,0
3699,2026-10-01T20:16:34,0.2905,ALERT,0
3700,2026-10-01T20:16:34,0.2964,ALERT,0
3701,2026-10-01T20:16:34,0.3024,ALERT,0
3702,2026-10-01T20:16:34,0.2854,ALERT,0
3703,2026-10-01T20:16:34,0.2925,ALERT,0
3704,2026-10-01T20:16:34,0.2973,ALERT,0
3705,2026-10-01T20:16:35,0.2958,ALERT,0
3706,2026-10-01T20:16:35,0.2959,ALERT,0
3707,2026-10-01T20:16:35,0.3042,ALERT,0
3708,2026-10-01T20:16:35,0.2956,ALERT,0
3709,2026-10-01T20:16:35,0.2986,ALERT,0
3710,2026-10-01T20:16:35,0.3135,ALERT,0
3711,2026-10-01T20:16:35,0.3023,ALERT,0
3712,2026-10-01T20:16:35,0.3038,ALERT,0
3713,2026-10-01T20:16:35,0.2913,ALERT,0
3714,2026-10-01T20:16:35,0.2767,ALERT,0
3715,2026-10-01T20:16:35,0.2741,ALERT,0
3716,2026-10-01T20:16:35,0.2657,ALERT,0
3717,2026-10-01T20:16:35,0.2732,ALERT,0
3718,2026-10-01T20:16:35,0.2725,ALERT,0
3719,2026-10-01T20:16:35,0.2771,ALERT,0
3720,2026-10-01T20:16:35,0.2786,ALERT,0
3721,2026-10-01T20:16:35,0.2776,ALERT,0
3722,2026-10-01T20:16:35,0.2770,ALERT,0
3723,2026-10-01T20:16:35,0.2812,ALERT,0
3724,2026-10-01T20:16:35,0.2825,ALERT,0
3725,2026-10-01T20:16:35,0.2824,ALERT,0
3726,2026-10-01T20:16:35,0.2814,ALERT,0
3727,2026-10-01T20:16:35,0.2687,ALERT,0
3728,2026-10-01T20:16:35,0.2631,ALERT,0
3729,2026-10-01T20:16:35,0.2710,ALERT,0
3730,2026-10-01T20:16:35,0.2707,ALERT,0
3731,2026-10-01T20:16:36,0.2726,ALERT,0
3732,2026-10-01T20:16:36,0.2694,ALERT,0
3733,2026-10-01T20:16:36,0.2660,ALERT,0
3734,2026-10-01T20:16:36,0.2656,ALERT,0
3735,2026-10-01T20:16:36,0.2672,ALERT,0
3736,2026-10-01T20:16:36,0.2632,ALERT,0
3737,2026-10-01T20:16:36,0.2674,ALERT,0
3738,2026-10-01T20:16:36,0.2538,ALERT,0
3739,2026-10-01T20:16:36,0.2517,ALERT,0
3740,2026-10-01T20:16:36,0.2558,ALERT,0
3741,2026-10-01T20:16:36,0.2578,ALERT,0
3742,2026-10-01T20:16:36,0.2537,ALERT,0
3743,2026-10-01T20:16:36,0.2603,ALERT,0
3744,2026-10-01T20:16:36,0.2556,ALERT,0
3745,2026-10-01T20:16:36,0.2419,EYES CLOSED,0
3746,2026-10-01T20:16:36,0.2396,EYES CLOSED,0
3747,2026-10-01T20:16:36,0.2377,EYES CLOSED,0
3748,2026-10-01T20:16:36,0.2457,EYES CLOSED,0
3749,2026-10-01T20:16:36,0.2544,ALERT,0
3750,2026-10-01T20:16:36,0.2559,ALERT,0
3751,2026-10-01T20:16:36,0.2484,EYES CLOSED,0
3752,2026-10-01T20:16:36,0.2515,ALERT,0
3753,2026-10-01T20:16:36,0.2476,EYES CLOSED,0
3754,2026-10-01T20:16:36,0.2513,ALERT,0
3755,2026-10-01T20:16:37,0.2531,ALERT,0
3756,2026-10-01T20:16:37,0.2572,ALERT,0
3757,2026-10-01T20:16:37,0.2514,ALERT,0
3758,2026-10-01T20:16:37,0.2492,EYES CLOSED,0
3759,2026-10-01T20:16:37,0.2513,ALERT,0
3760,2026-10-01T20:16:37,0.2516,ALERT,0
3761,2026-10-01T20:16:37,0.2501,ALERT,0
3762,2026-10-01T20:16:37,0.2520,ALERT,0
3763,2026-10-01T20:16:37,0.2511,ALERT,0
3764,2026-10-01T20:16:37,0.2511,ALERT,0
3765,2026-10-01T20:16:37,0.2558,ALERT,0
3766,2026-10-01T20:16:37,0.2553,ALERT,0
3767,2026-10-01T20:16:37,0.2603,ALERT,0
3768,2026-10-01T20:16:37,0.2600,ALERT,0
3769,2026-10-01T20:16:37,0.2603,ALERT,0
3770,2026-10-01T20:16:37,0.2618,ALERT,0
3771,2026-10-01T20:16:37,0.2623,ALERT,0
3772,2026-10-01T20:16:37,0.2598,ALERT,0
3773,2026-10-01T20:16:37,0.2581,ALERT,0
3774,2026-10-01T20:16:37,0.2562,ALERT,0
3775,2026-10-01T20:16:37,0.2596,ALERT,0
3776,2026-10-01T20:16:37,0.2598,ALERT,0
3777,2026-10-01T20:16:37,0.1242,EYES CLOSED,0
3778,2026-10-01T20:16:38,0.1101,EYES CLOSED,0
3779,2026-10-01T20:16:38,0.1148,EYES CLOSED,0
3780,2026-10-01T20:16:38,0.1112,EYES CLOSED,0
3781,2026-10-01T20:16:38,0.1695,EYES CLOSED,0
3782,2026-10-01T20:16:38,0.1887,EYES CLOSED,0
3783,2026-10-01T20:16:38,0.2019,EYES CLOSED,0
3784,2026-10-01T20:16:38,0.2151,EYES CLOSED,0
3785,2026-10-01T20:16:38,0.2443,EYES CLOSED,0
3786,2026-10-01T20:16:38,0.2432,EYES CLOSED,0
3787,2026-10-01T20:16:38,0.2499,EYES CLOSED,0
3788,2026-10-01T20:16:38,0.2535,ALERT,0
3789,2026-10-01T20:16:38,0.2526,ALERT,0
3790,2026-10-01T20:16:38,0.2557,ALERT,0
3791,2026-10-01T20:16:38,0.2571,ALERT,0
3792,2026-10-01T20:16:38,0.2700,ALERT,0
3793,2026-10-01T20:16:38,0.2686,ALERT,0
3794,2026-10-01T20:16:38,0.2706,ALERT,0
3795,2026-10-01T20:16:38,0.2741,ALERT,0
3796,2026-10-01T20:16:38,0.2747,ALERT,0
3797,2026-10-01T20:16:38,0.2588,ALERT,0
3798,2026-10-01T20:16:38,0.2540,ALERT,0
3799,2026-10-01T20:16:38,0.2573,ALERT,0
3800,2026-10-01T20:16:38,0.2534,ALERT,0
3801,2026-10-01T20:16:38,0.2407,EYES CLOSED,0
3802,2026-10-01T20:16:38,0.2350,EYES CLOSED,0
3803,2026-10-01T20:16:38,0.2382,EYES CLOSED,0
3804,2026-10-01T20:16:38,0.2485,EYES CLOSED,0
3805,2026-10-01T20:16:38,0.2468,EYES CLOSED,0
3806,2026-10-01T20:16:38,0.2647,ALERT,0
3807,2026-10-01T20:16:38,0.2566,ALERT,0
3808,2026-10-01T20:16:39,0.2528,ALERT,0
3809,2026-10-01T20:16:39,0.2609,ALERT,0
3810,2026-10-01T20:16:39,0.2522,ALERT,0
3811,2026-10-01T20:16:39,0.2703,ALERT,0
3812,2026-10-01T20:16:39,0.2741,ALERT,0
3813,2026-10-01T20:16:39,0.2679,ALERT,0
3814,2026-10-01T20:16:39,0.2733,ALERT,0
3815,2026-10-01T20:16:39,0.2656,ALERT,0
3816,2026-10-01T20:16:39,0.2665,ALERT,0
3817,2026-10-01T20:16:39,0.2818,ALERT,0
3818,2026-10-01T20:16:39,0.2909,ALERT,0
3819,2026-10-01T20:16:39,0.3057,ALERT,0
3820,2026-10-01T20:16:39,0.3001,ALERT,0
3821,2026-10-01T20:16:39,0.3030,ALERT,0
3822,2026-10-01T20:16:39,0.3004,ALERT,0
3823,2026-10-01T20:16:39,0.3111,ALERT,0
3824,2026-10-01T20:16:39,0.3151,ALERT,0
3825,2026-10-01T20:16:39,0.3076,ALERT,0
3826,2026-10-01T20:16:39,0.3157,ALERT,0
3827,2026-10-01T20:16:39,0.2951,ALERT,0
3828,2026-10-01T20:16:39,0.2865,ALERT,0
3829,2026-10-01T20:16:39,0.2847,ALERT,0
3830,2026-10-01T20:16:39,0.2862,ALERT,0
3831,2026-10-01T20:16:39,0.2817,ALERT,0
3832,2026-10-01T20:16:39,0.2873,ALERT,0
3833,2026-10-01T20:16:39,0.2890,ALERT,0
3834,2026-10-01T20:16:39,0.2900,ALERT,0
3835,2026-10-01T20:16:39,0.2897,ALERT,0
3836,2026-10-01T20:16:39,0.2986,ALERT,0
3837,2026-10-01T20:16:39,0.3015,ALERT,0
3838,2026-10-01T20:16:40,0.2981,ALERT,0
3839,2026-10-01T20:16:40,0.3032,ALERT,0
3840,2026-10-01T20:16:40,0.3109,ALERT,0
3841,2026-10-01T20:16:40,0.3139,ALERT,0
3842,2026-10-01T20:16:40,0.3340,ALERT,0
3843,2026-10-01T20:16:40,0.3482,ALERT,0
3844,2026-10-01T20:16:40,0.3542,ALERT,0
3845,2026-10-01T20:16:40,0.3526,ALERT,0
3846,2026-10-01T20:16:40,0.3465,ALERT,0
3847,2026-10-01T20:16:40,0.3429,ALERT,0
3848,2026-10-01T20:16:40,0.2902,ALERT,0
3849,2026-10-01T20:16:40,0.0944,EYES CLOSED,0
3850,2026-10-01T20:16:40,0.0579,EYES CLOSED,0
3851,2026-10-01T20:16:40,0.0927,EYES CLOSED,0
3852,2026-10-01T20:16:40,0.1324,EYES CLOSED,0
3853,2026-10-01T20:16:40,0.1882,EYES CLOSED,0
3854,2026-10-01T20:16:40,0.2209,EYES CLOSED,0
3855,2026-10-01T20:16:40,0.2460,EYES CLOSED,0
3856,2026-10-01T20:16:40,0.2891,ALERT,0
3857,2026-10-01T20:16:40,0.3220,ALERT,0
3858,2026-10-01T20:16:40,0.3378,ALERT,0
3859,2026-10-01T20:16:40,0.3492,ALERT,0
3860,2026-10-01T20:16:40,0.3421,ALERT,0
3861,2026-10-01T20:16:40,0.3464,ALERT,0
3862,2026-10-01T20:16:40,0.3485,ALERT,0
3863,2026-10-01T20:16:40,0.3424,ALERT,0
3864,2026-10-01T20:16:40,0.3387,ALERT,0
3865,2026-10-01T20:16:40,0.3306,ALERT,0
3866,2026-10-01T20:16:40,0.3190,ALERT,0
3867,2026-10-01T20:16:40,0.3218,ALERT,0
3868,2026-10-01T20:16:40,0.3211,ALERT,0
3869,2026-10-01T20:16:41,0.3227,ALERT,0
3870,2026-10-01T20:16:41,0.3149,ALERT,0
3871,2026-10-01T20:16:41,0.3060,ALERT,0
3872,2026-10-01T20:16:41,0.3017,ALERT,0
3873,2026-10-01T20:16:41,0.2954,ALERT,0
3874,2026-10-01T20:16:41,0.2942,ALERT,0
3875,2026-10-01T20:16:41,0.2938,ALERT,0
3876,2026-10-01T20:16:41,0.2883,ALERT,0
3877,2026-10-01T20:16:41,0.2842,ALERT,0
3878,2026-10-01T20:16:41,0.2700,ALERT,0
3879,2026-10-01T20:16:41,0.2684,ALERT,0
3880,2026-10-01T20:16:41,0.2743,ALERT,0
3881,2026-10-01T20:16:41,0.2777,ALERT,0
3882,2026-10-01T20:16:41,0.2758,ALERT,0
3883,2026-10-01T20:16:41,0.2775,ALERT,0
3884,2026-10-01T20:16:41,0.2775,ALERT,0
3885,2026-10-01T20:16:41,0.2761,ALERT,0
3886,2026-10-01T20:16:41,0.2715,ALERT,0
3887,2026-10-01T20:16:41,0.2357,EYES CLOSED,0
3888,2026-10-01T20:16:41,0.1392,EYES CLOSED,0
3889,2026-10-01T20:16:41,0.1263,EYES CLOSED,0
3890,2026-10-01T20:16:41,0.1257,EYES CLOSED,0
3891,2026-10-01T20:16:41,0.1042,EYES CLOSED,0
3892,2026-10-01T20:16:41,0.1717,EYES CLOSED,0
3893,2026-10-01T20:16:41,0.2321,EYES CLOSED,0
3894,2026-10-01T20:16:41,0.2528,ALERT,0
3895,2026-10-01T20:16:41,0.2542,ALERT,0
3896,2026-10-01T20:16:41,0.2489,EYES CLOSED,0
3897,2026-10-01T20:16:41,0.2453,EYES CLOSED,0
3898,2026-10-01T20:16:42,0.2602,ALERT,0
3899,2026-10-01T20:16:42,0.2631,ALERT,0
3900,2026-10-01T20:16:42,0.2678,ALERT,0
3901,2026-10-01T20:16:42,0.2658,ALERT,0
3902,2026-10-01T20:16:42,0.2626,ALERT,0
3903,2026-10-01T20:16:42,0.2592,ALERT,0
3904,2026-10-01T20:16:42,0.2599,ALERT,0
3905,2026-10-01T20:16:42,0.2556,ALERT,0
3906,2026-10-01T20:16:42,0.2603,ALERT,0
3907,2026-10-01T20:16:42,0.2575,ALERT,0
3908,2026-10-01T20:16:42,0.2549,ALERT,0
3909,2026-10-01T20:16:42,0.2557,ALERT,0
3910,2026-10-01T20:16:42,0.2504,ALERT,0
3911,2026-10-01T20:16:42,0.2473,EYES CLOSED,0
3912,2026-10-01T20:16:42,0.2391,EYES CLOSED,0
3913,2026-10-01T20:16:42,0.2500,ALERT,0
3914,2026-10-01T20:16:42,0.2550,ALERT,0
3915,2026-10-01T20:16:42,0.2586,ALERT,0
3916,2026-10-01T20:16:42,0.2546,ALERT,0
3917,2026-10-01T20:16:42,0.2531,ALERT,0
3918,2026-10-01T20:16:42,0.2524,ALERT,0
3919,2026-10-01T20:16:42,0.2511,ALERT,0
3920,2026-10-01T20:16:42,0.2531,ALERT,0
3921,2026-10-01T20:16:42,0.2401,EYES CLOSED,0
3922,2026-10-01T20:16:42,0.2452,EYES CLOSED,0
3923,2026-10-01T20:16:42,0.2374,EYES CLOSED,0
3924,2026-10-01T20:16:42,0.2420,EYES CLOSED,0
3925,2026-10-01T20:16:42,0.2458,EYES CLOSED,0
3926,2026-10-01T20:16:42,0.2461,EYES CLOSED,0
3927,2026-10-01T20:16:42,0.2485,EYES CLOSED,0
3928,2026-10-01T20:16:43,0.2476,EYES CLOSED,0
3929,2026-10-01T20:16:43,0.2517,ALERT,0
3930,2026-10-01T20:16:43,0.2529,ALERT,0
3931,2026-10-01T20:16:43,0.2533,ALERT,0
3932,2026-10-01T20:16:43,0.2526,ALERT,0
3933,2026-10-01T20:16:43,0.2607,ALERT,0
3934,2026-10-01T20:16:43,0.2555,ALERT,0
3935,2026-10-01T20:16:43,0.2600,ALERT,0
3936,2026-10-01T20:16:43,0.2589,ALERT,0
3937,2026-10-01T20:16:43,0.2597,ALERT,0
3938,2026-10-01T20:16:43,0.2698,ALERT,0
3939,2026-10-01T20:16:43,0.2634,ALERT,0
3940,2026-10-01T20:16:43,0.2687,ALERT,0
3941,2026-10-01T20:16:43,0.2897,ALERT,0
3942,2026-10-01T20:16:43,0.3057,ALERT,0
3943,2026-10-01T20:16:43,0.3009,ALERT,0
3944,2026-10-01T20:16:43,0.3167,ALERT,0
3945,2026-10-01T20:16:43,0.3268,ALERT,0
3946,2026-10-01T20:16:43,0.3385,ALERT,0
3947,2026-10-01T20:16:43,0.3433,ALERT,0
3948,2026-10-01T20:16:43,0.3467,ALERT,0
3949,2026-10-01T20:16:43,0.3341,ALERT,0
3950,2026-10-01T20:16:43,0.3363,ALERT,0
3951,2026-10-01T20:16:43,0.3514,ALERT,0
3952,2026-10-01T20:16:43,0.3521,ALERT,0
3953,2026-10-01T20:16:43,0.3455,ALERT,0
3954,2026-10-01T20:16:43,0.3495,ALERT,0
3955,2026-10-01T20:16:43,0.3310,ALERT,0
3956,2026-10-01T20:16:43,0.3095,ALERT,0
3957,2026-10-01T20:16:43,0.1702,EYES CLOSED,0
3958,2026-10-01T20:16:44,0.0647,EYES CLOSED,0
3959,2026-10-01T20:16:44,0.0663,EYES CLOSED,0
3960,2026-10-01T20:16:44,0.0926,EYES CLOSED,0
3961,2026-10-01T20:16:44,0.1053,EYES CLOSED,0
3962,2026-10-01T20:16:44,0.1530,EYES CLOSED,0
3963,2026-10-01T20:16:44,0.1876,EYES CLOSED,0
3964,2026-10-01T20:16:44,0.2096,EYES CLOSED,0
3965,2026-10-01T20:16:44,0.2306,EYES CLOSED,0
3966,2026-10-01T20:16:44,0.2519,ALERT,0
3967,2026-10-01T20:16:44,0.2665,ALERT,0
3968,2026-10-01T20:16:44,0.2782,ALERT,0
3969,2026-10-01T20:16:44,0.2878,ALERT,0
3970,2026-10-01T20:16:44,0.3000,ALERT,0
3971,2026-10-01T20:16:44,0.3029,ALERT,0
3972,2026-10-01T20:16:44,0.3081,ALERT,0
3973,2026-10-01T20:16:44,0.3125,ALERT,0
3974,2026-10-01T20:16:44,0.3122,ALERT,0
3975,2026-10-01T20:16:44,0.3124,ALERT,0
3976,2026-10-01T20:16:44,0.3114,ALERT,0
3977,2026-10-01T20:16:44,0.3105,ALERT,0
3978,2026-10-01T20:16:44,0.3091,ALERT,0
3979,2026-10-01T20:16:44,0.3141,ALERT,0
3980,2026-10-01T20:16:44,0.2978,ALERT,0
3981,2026-10-01T20:16:44,0.2919,ALERT,0
3982,2026-10-01T20:16:44,0.2892,ALERT,0
3983,2026-10-01T20:16:44,0.2879,ALERT,0
3984,2026-10-01T20:16:44,0.2949,ALERT,0
3985,2026-10-01T20:16:44,0.2856,ALERT,0
3986,2026-10-01T20:16:44,0.2993,ALERT,0
3987,2026-10-01T20:16:44,0.3059,ALERT,0
3988,2026-10-01T20:16:45,0.3060,ALERT,0
3989,2026-10-01T20:16:45,0.2970,ALERT,0
3990,2026-10-01T20:16:45,0.2959,ALERT,0
3991,2026-10-01T20:16:45,0.2982,ALERT,0
3992,2026-10-01T20:16:45,0.2971,ALERT,0
3993,2026-10-01T20:16:45,0.2905,ALERT,0
3994,2026-10-01T20:16:45,0.2907,ALERT,0
3995,2026-10-01T20:16:45,0.2890,ALERT,0
3996,2026-10-01T20:16:45,0.2766,ALERT,0
3997,2026-10-01T20:16:45,0.2577,ALERT,0
3998,2026-10-01T20:16:45,0.2574,ALERT,0
3999,2026-10-01T20:16:45,0.2571,ALERT,0
4000,2026-10-01T20:16:45,0.2461,EYES CLOSED,0
4001,2026-10-01T20:16:45,0.2461,EYES CLOSED,0
4002,2026-10-01T20:16:45,0.2551,ALERT,0
4003,2026-10-01T20:16:45,0.2592,ALERT,0
4004,2026-10-01T20:16:45,0.2620,ALERT,0
4005,2026-10-01T20:16:45,0.2810,ALERT,0
4006,2026-10-01T20:16:45,0.3013,ALERT,0
4007,2026-10-01T20:16:45,0.3335,ALERT,0
4008,2026-10-01T20:16:45,0.3392,ALERT,0
4009,2026-10-01T20:16:45,0.3338,ALERT,0
4010,2026-10-01T20:16:45,0.3388,ALERT,0
4011,2026-10-01T20:16:45,0.3432,ALERT,0
4012,2026-10-01T20:16:45,0.3417,ALERT,0
4013,2026-10-01T20:16:45,0.3324,ALERT,0
4014,2026-10-01T20:16:45,0.3262,ALERT,0
4015,2026-10-01T20:16:45,0.3332,ALERT,0
4016,2026-10-01T20:16:45,0.3256,ALERT,0
4017,2026-10-01T20:16:45,0.3294,ALERT,0
4018,2026-10-01T20:16:46,0.3268,ALERT,0
4019,2026-10-01T20:16:46,0.3361,ALERT,0
4020,2026-10-01T20:16:46,0.3428,ALERT,0
4021,2026-10-01T20:16:46,0.3530,ALERT,0
4022,2026-10-01T20:16:46,0.3491,ALERT,0
4023,2026-10-01T20:16:46,0.3498,ALERT,0
4024,2026-10-01T20:16:46,0.3451,ALERT,0
4025,2026-10-01T20:16:46,0.3579,ALERT,0
4026,2026-10-01T20:16:46,0.3552,ALERT,0
4027,2026-10-01T20:16:46,0.3549,ALERT,0
4028,2026-10-01T20:16:46,0.3534,ALERT,0
4029,2026-10-01T20:16:46,0.3521,ALERT,0
4030,2026-10-01T20:16:46,0.3510,ALERT,0
4031,2026-10-01T20:16:46,0.3515,ALERT,0
4032,2026-10-01T20:16:46,0.3495,ALERT,0
4033,2026-10-01T20:16:46,0.3475,ALERT,0
4034,2026-10-01T20:16:46,0.3476,ALERT,0
4035,2026-10-01T20:16:46,0.3479,ALERT,0
4036,2026-10-01T20:16:46,0.3478,ALERT,0
4037,2026-10-01T20:16:46,0.3474,ALERT,0
4038,2026-10-01T20:16:46,0.3466,ALERT,0
4039,2026-10-01T20:16:46,0.3468,ALERT,0
4040,2026-10-01T20:16:46,0.3482,ALERT,0
4041,2026-10-01T20:16:46,0.3461,ALERT,0
4042,2026-10-01T20:16:46,0.3454,ALERT,0
4043,2026-10-01T20:16:46,0.3404,ALERT,0
4044,2026-10-01T20:16:46,0.2994,ALERT,0
4045,2026-10-01T20:16:46,0.2005,EYES CLOSED,0
4046,2026-10-01T20:16:46,0.1610,EYES CLOSED,0
4047,2026-10-01T20:16:46,0.1470,EYES CLOSED,0
4048,2026-10-01T20:16:47,0.1543,EYES CLOSED,0
4049,2026-10-01T20:16:47,0.1762,EYES CLOSED,0
4050,2026-10-01T20:16:47,0.1788,EYES CLOSED,0
4051,2026-10-01T20:16:47,0.1869,EYES CLOSED,0
4052,2026-10-01T20:16:47,0.1694,EYES CLOSED,0
4053,2026-10-01T20:16:47,0.1732,EYES CLOSED,0
4054,2026-10-01T20:16:47,0.1693,EYES CLOSED,0
4055,2026-10-01T20:16:47,0.1673,EYES CLOSED,0
4056,2026-10-01T20:16:47,0.1679,EYES CLOSED,0
4057,2026-10-01T20:16:47,0.2302,EYES CLOSED,0
4058,2026-10-01T20:16:47,0.2735,ALERT,0
4059,2026-10-01T20:16:47,0.2741,ALERT,0
4060,2026-10-01T20:16:47,0.2787,ALERT,0
4061,2026-10-01T20:16:47,0.2567,ALERT,0
4062,2026-10-01T20:16:47,0.2714,ALERT,0
4063,2026-10-01T20:16:47,0.2759,ALERT,0
4064,2026-10-01T20:16:47,0.2858,ALERT,0
4065,2026-10-01T20:16:47,0.2930,ALERT,0
4066,2026-10-01T20:16:47,0.2916,ALERT,0
4067,2026-10-01T20:16:47,0.3058,ALERT,0
4068,2026-10-01T20:16:47,0.3190,ALERT,0
4069,2026-10-01T20:16:47,0.3086,ALERT,0
4070,2026-10-01T20:16:47,0.3000,ALERT,0
4071,2026-10-01T20:16:47,0.2974,ALERT,0
4072,2026-10-01T20:16:47,0.2962,ALERT,0
4073,2026-10-01T20:16:47,0.2951,ALERT,0
4074,2026-10-01T20:16:47,0.2962,ALERT,0
4075,2026-10-01T20:16:47,0.2965,ALERT,0
4076,2026-10-01T20:16:47,0.3016,ALERT,0
4077,2026-10-01T20:16:47,0.3058,ALERT,0
4078,2026-10-01T20:16:48,0.3031,ALERT,0
4079,2026-10-01T20:16:48,0.2996,ALERT,0
4080,2026-10-01T20:16:48,0.2990,ALERT,0
4081,2026-10-01T20:16:48,0.3050,ALERT,0
4082,2026-10-01T20:16:48,0.3073,ALERT,0
4083,2026-10-01T20:16:48,0.3052,ALERT,0
4084,2026-10-01T20:16:48,0.3045,ALERT,0
4085,2026-10-01T20:16:48,0.3037,ALERT,0
4086,2026-10-01T20:16:48,0.3010,ALERT,0
4087,2026-10-01T20:16:48,0.2960,ALERT,0
4088,2026-10-01T20:16:48,0.2943,ALERT,0
4089,2026-10-01T20:16:48,0.2928,ALERT,0
4090,2026-10-01T20:16:48,0.2907,ALERT,0
4091,2026-10-01T20:16:48,0.2887,ALERT,0
4092,2026-10-01T20:16:48,0.2652,ALERT,0
4093,2026-10-01T20:16:48,0.2517,ALERT,0
4094,2026-10-01T20:16:48,0.1757,EYES CLOSED,0
4095,2026-10-01T20:16:48,0.1273,EYES CLOSED,0
4096,2026-10-01T20:16:48,0.1072,EYES CLOSED,0
4097,2026-10-01T20:16:48,0.2039,EYES CLOSED,0
4098,2026-10-01T20:16:48,0.2420,EYES CLOSED,0
4099,2026-10-01T20:16:48,0.2557,ALERT,0
4100,2026-10-01T20:16:48,0.2600,ALERT,0
4101,2026-10-01T20:16:48,0.2675,ALERT,0
4102,2026-10-01T20:16:48,0.2737,ALERT,0
4103,2026-10-01T20:16:48,0.2844,ALERT,0
4104,2026-10-01T20:16:48,0.2908,ALERT,0
4105,2026-10-01T20:16:48,0.2896,ALERT,0
4106,2026-10-01T20:16:48,0.2849,ALERT,0
4107,2026-10-01T20:16:48,0.2345,EYES CLOSED,0
4108,2026-10-01T20:16:48,0.1438,EYES CLOSED,0
4109,2026-10-01T20:16:49,0.1430,EYES CLOSED,0
4110,2026-10-01T20:16:49,0.1552,EYES CLOSED,0
4111,2026-10-01T20:16:49,0.1497,EYES CLOSED,0
4112,2026-10-01T20:16:49,0.1625,EYES CLOSED,0
4113,2026-10-01T20:16:49,0.1862,EYES CLOSED,0
4114,2026-10-01T20:16:49,0.1792,EYES CLOSED,0
4115,2026-10-01T20:16:49,0.2577,ALERT,0
4116,2026-10-01T20:16:49,0.2926,ALERT,0
4117,2026-10-01T20:16:49,0.3001,ALERT,0
4118,2026-10-01T20:16:49,0.3060,ALERT,0
4119,2026-10-01T20:16:49,0.3102,ALERT,0
4120,2026-10-01T20:16:49,0.3126,ALERT,0
4121,2026-10-01T20:16:49,0.3109,ALERT,0
4122,2026-10-01T20:16:49,0.2996,ALERT,0
4123,2026-10-01T20:16:49,0.2948,ALERT,0
4124,2026-10-01T20:16:49,0.3151,ALERT,0
4125,2026-10-01T20:16:49,0.3201,ALERT,0
4126,2026-10-01T20:16:49,0.3184,ALERT,0
4127,2026-10-01T20:16:49,0.3126,ALERT,0
4128,2026-10-01T20:16:49,0.3113,ALERT,0
4129,2026-10-01T20:16:49,0.3096,ALERT,0
4130,2026-10-01T20:16:49,0.3132,ALERT,0
4131,2026-10-01T20:16:49,0.3109,ALERT,0
4132,2026-10-01T20:16:49,0.3165,ALERT,0
4133,2026-10-01T20:16:49,0.3201,ALERT,0
4134,2026-10-01T20:16:49,0.3088,ALERT,0
4135,2026-10-01T20:16:49,0.3027,ALERT,0
4136,2026-10-01T20:16:49,0.3006,ALERT,0
4137,2026-10-01T20:16:49,0.3010,ALERT,0
4138,2026-10-01T20:16:50,0.3007,ALERT,0
4139,2026-10-01T20:16:50,0.3114,ALERT,0
4140,2026-10-01T20:16:50,0.2789,ALERT,0
4141,2026-10-01T20:16:50,0.1439,EYES CLOSED,0
4142,2026-10-01T20:16:50,0.1021,EYES CLOSED,0
4143,2026-10-01T20:16:50,0.1430,EYES CLOSED,0
4144,2026-10-01T20:16:50,0.1757,EYES CLOSED,0
4145,2026-10-01T20:16:50,0.2278,EYES CLOSED,0
4146,2026-10-01T20:16:50,0.2404,EYES CLOSED,0
4147,2026-10-01T20:16:50,0.2368,EYES CLOSED,0
4148,2026-10-01T20:16:50,0.2411,EYES CLOSED,0
4149,2026-10-01T20:16:50,0.2354,EYES CLOSED,0
4150,2026-10-01T20:16:50,0.2350,EYES CLOSED,0
4151,2026-10-01T20:16:50,0.2470,EYES CLOSED,0
4152,2026-10-01T20:16:50,0.2543,ALERT,0
4153,2026-10-01T20:16:50,0.2608,ALERT,0
4154,2026-10-01T20:16:50,0.2652,ALERT,0
4155,2026-10-01T20:16:50,0.2825,ALERT,0
4156,2026-10-01T20:16:50,0.3017,ALERT,0
4157,2026-10-01T20:16:50,0.3111,ALERT,0
4158,2026-10-01T20:16:50,0.3178,ALERT,0
4159,2026-10-01T20:16:50,0.3213,ALERT,0
4160,2026-10-01T20:16:50,0.3218,ALERT,0
4161,2026-10-01T20:16:50,0.3214,ALERT,0
4162,2026-10-01T20:16:50,0.3211,ALERT,0
4163,2026-10-01T20:16:50,0.3174,ALERT,0
4164,2026-10-01T20:16:50,0.3116,ALERT,0
4165,2026-10-01T20:16:50,0.3121,ALERT,0
4166,2026-10-01T20:16:50,0.3084,ALERT,0
4167,2026-10-01T20:16:50,0.3064,ALERT,0
4168,2026-10-01T20:16:51,0.3064,ALERT,0
4169,2026-10-01T20:16:51,0.3068,ALERT,0
4170,2026-10-01T20:16:51,0.3041,ALERT,0
4171,2026-10-01T20:16:51,0.3032,ALERT,0
4172,2026-10-01T20:16:51,0.3065,ALERT,0
4173,2026-10-01T20:16:51,0.3063,ALERT,0
4174,2026-10-01T20:16:51,0.3057,ALERT,0
4175,2026-10-01T20:16:51,0.3071,ALERT,0
4176,2026-10-01T20:16:51,0.3072,ALERT,0
4177,2026-10-01T20:16:51,0.3086,ALERT,0
4178,2026-10-01T20:16:51,0.3076,ALERT,0
4179,2026-10-01T20:16:51,0.3069,ALERT,0
4180,2026-10-01T20:16:51,0.3074,ALERT,0
4181,2026-10-01T20:16:51,0.3071,ALERT,0
4182,2026-10-01T20:16:51,0.3077,ALERT,0
4183,2026-10-01T20:16:51,0.3067,ALERT,0
4184,2026-10-01T20:16:51,0.3031,ALERT,0
4185,2026-10-01T20:16:51,0.3038,ALERT,0
4186,2026-10-01T20:16:51,0.2985,ALERT,0
4187,2026-10-01T20:16:51,0.2978,ALERT,0
4188,2026-10-01T20:16:51,0.2967,ALERT,0
4189,2026-10-01T20:16:51,0.2962,ALERT,0
4190,2026-10-01T20:16:51,0.2981,ALERT,0
4191,2026-10-01T20:16:51,0.2987,ALERT,0
4192,2026-10-01T20:16:51,0.2812,ALERT,0
4193,2026-10-01T20:16:51,0.1286,EYES CLOSED,0
4194,2026-10-01T20:16:51,0.0693,EYES CLOSED,0
4195,2026-10-01T20:16:51,0.0991,EYES CLOSED,0
4196,2026-10-01T20:16:51,0.1254,EYES CLOSED,0
4197,2026-10-01T20:16:51,0.1399,EYES CLOSED,0
4198,2026-10-01T20:16:52,0.1776,EYES CLOSED,0
4199,2026-10-01T20:16:52,0.2237,EYES CLOSED,0
4200,2026-10-01T20:16:52,0.2310,EYES CLOSED,0
4201,2026-10-01T20:16:52,0.2406,EYES CLOSED,0
4202,2026-10-01T20:16:52,0.2354,EYES CLOSED,0
4203,2026-10-01T20:16:52,0.2512,ALERT,0
4204,2026-10-01T20:16:52,0.2630,ALERT,0
4205,2026-10-01T20:16:52,0.2500,ALERT,0
4206,2026-10-01T20:16:52,0.2543,ALERT,0
4207,2026-10-01T20:16:52,0.2584,ALERT,0
4208,2026-10-01T20:16:52,0.2618,ALERT,0
4209,2026-10-01T20:16:52,0.2682,ALERT,0
4210,2026-10-01T20:16:52,0.2785,ALERT,0
4211,2026-10-01T20:16:52,0.2862,ALERT,0
4212,2026-10-01T20:16:52,0.2884,ALERT,0
4213,2026-10-01T20:16:52,0.2899,ALERT,0
4214,2026-10-01T20:16:52,0.2839,ALERT,0
4215,2026-10-01T20:16:52,0.2934,ALERT,0
4216,2026-10-01T20:16:52,0.2847,ALERT,0
4217,2026-10-01T20:16:52,0.2782,ALERT,0
4218,2026-10-01T20:16:52,0.2773,ALERT,0
4219,2026-10-01T20:16:52,0.2757,ALERT,0
4220,2026-10-01T20:16:52,0.2691,ALERT,0
4221,2026-10-01T20:16:52,0.2735,ALERT,0
4222,2026-10-01T20:16:52,0.2719,ALERT,0
4223,2026-10-01T20:16:52,0.2727,ALERT,0
4224,2026-10-01T20:16:52,0.2704,ALERT,0
4225,2026-10-01T20:16:52,0.2714,ALERT,0
4226,2026-10-01T20:16:52,0.2669,ALERT,0
4227,2026-10-01T20:16:52,0.2680,ALERT,0
4228,2026-10-01T20:16:53,0.2712,ALERT,0
4229,2026-10-01T20:16:53,0.2718,ALERT,0
4230,2026-10-01T20:16:53,0.2725,ALERT,0
4231,2026-10-01T20:16:53,0.2750,ALERT,0
4232,2026-10-01T20:16:53,0.2757,ALERT,0
4233,2026-10-01T20:16:53,0.2816,ALERT,0
4234,2026-10-01T20:16:53,0.2865,ALERT,0
4235,2026-10-01T20:16:53,0.2822,ALERT,0
4236,2026-10-01T20:16:53,0.2507,ALERT,0
4237,2026-10-01T20:16:53,0.1850,EYES CLOSED,0
4238,2026-10-01T20:16:53,0.1552,EYES CLOSED,0
4239,2026-10-01T20:16:53,0.1793,EYES CLOSED,0
4240,2026-10-01T20:16:53,0.1762,EYES CLOSED,0
4241,2026-10-01T20:16:53,0.1882,EYES CLOSED,0
4242,2026-10-01T20:16:53,0.1961,EYES CLOSED,0
4243,2026-10-01T20:16:53,0.2026,EYES CLOSED,0
4244,2026-10-01T20:16:53,0.2087,EYES CLOSED,0
4245,2026-10-01T20:16:53,0.2158,EYES CLOSED,0
4246,2026-10-01T20:16:53,0.2204,EYES CLOSED,0
4247,2026-10-01T20:16:53,0.2178,EYES CLOSED,0
4248,2026-10-01T20:16:53,0.1606,EYES CLOSED,0
4249,2026-10-01T20:16:53,0.0996,EYES CLOSED,0
4250,2026-10-01T20:16:53,0.1067,EYES CLOSED,0
4251,2026-10-01T20:16:53,0.1824,EYES CLOSED,0
4252,2026-10-01T20:16:53,0.2358,EYES CLOSED,0
4253,2026-10-01T20:16:53,0.2618,ALERT,0
4254,2026-10-01T20:16:53,0.2843,ALERT,0
4255,2026-10-01T20:16:53,0.2813,ALERT,0
4256,2026-10-01T20:16:53,0.2789,ALERT,0
4257,2026-10-01T20:16:53,0.2842,ALERT,0
4258,2026-10-01T20:16:54,0.2996,ALERT,0
4259,2026-10-01T20:16:54,0.3114,ALERT,0
4260,2026-10-01T20:16:54,0.3228,ALERT,0
4261,2026-10-01T20:16:54,0.3184,ALERT,0
4262,2026-10-01T20:16:54,0.3085,ALERT,0
4263,2026-10-01T20:16:54,0.3132,ALERT,0
4264,2026-10-01T20:16:54,0.3144,ALERT,0
4265,2026-10-01T20:16:54,0.3164,ALERT,0
4266,2026-10-01T20:16:54,0.3138,ALERT,0
4267,2026-10-01T20:16:54,0.3132,ALERT,0
4268,2026-10-01T20:16:54,0.3103,ALERT,0
4269,2026-10-01T20:16:54,0.3117,ALERT,0
4270,2026-10-01T20:16:54,0.3101,ALERT,0
4271,2026-10-01T20:16:54,0.3090,ALERT,0
4272,2026-10-01T20:16:54,0.3090,ALERT,0
4273,2026-10-01T20:16:54,0.3086,ALERT,0
4274,2026-10-01T20:16:54,0.3060,ALERT,0
4275,2026-10-01T20:16:54,0.3046,ALERT,0
4276,2026-10-01T20:16:54,0.3022,ALERT,0
4277,2026-10-01T20:16:54,0.3027,ALERT,0
4278,2026-10-01T20:16:54,0.3046,ALERT,0
4279,2026-10-01T20:16:54,0.3044,ALERT,0
4280,2026-10-01T20:16:54,0.3054,ALERT,0
4281,2026-10-01T20:16:54,0.3034,ALERT,0
4282,2026-10-01T20:16:54,0.2972,ALERT,0
4283,2026-10-01T20:16:54,0.2977,ALERT,0
4284,2026-10-01T20:16:54,0.2955,ALERT,0
4285,2026-10-01T20:16:54,0.2937,ALERT,0
4286,2026-10-01T20:16:54,0.2930,ALERT,0
4287,2026-10-01T20:16:54,0.2923,ALERT,0
4288,2026-10-01T20:16:54,0.2896,ALERT,0
4289,2026-10-01T20:16:55,0.2924,ALERT,0
4290,2026-10-01T20:16:55,0.2909,ALERT,0
4291,2026-10-01T20:16:55,0.2925,ALERT,0
4292,2026-10-01T20:16:55,0.2873,ALERT,0
4293,2026-10-01T20:16:55,0.2857,ALERT,0
4294,2026-10-01T20:16:55,0.2871,ALERT,0
4295,2026-10-01T20:16:55,0.2870,ALERT,0
4296,2026-10-01T20:16:55,0.2873,ALERT,0
4297,2026-10-01T20:16:55,0.2869,ALERT,0
4298,2026-10-01T20:16:55,0.2884,ALERT,0
4299,2026-10-01T20:16:55,0.2869,ALERT,0
4300,2026-10-01T20:16:55,0.2868,ALERT,0
4301,2026-10-01T20:16:55,0.2866,ALERT,0
4302,2026-10-01T20:16:55,0.2862,ALERT,0
4303,2026-10-01T20:16:55,0.2855,ALERT,0
4304,2026-10-01T20:16:55,0.2864,ALERT,0
4305,2026-10-01T20:16:55,0.2852,ALERT,0
4306,2026-10-01T20:16:55,0.2830,ALERT,0
4307,2026-10-01T20:16:55,0.2790,ALERT,0
4308,2026-10-01T20:16:55,0.2812,ALERT,0
4309,2026-10-01T20:16:55,0.2814,ALERT,0
4310,2026-10-01T20:16:55,0.2801,ALERT,0
4311,2026-10-01T20:16:55,0.2798,ALERT,0
4312,2026-10-01T20:16:55,0.2753,ALERT,0
4313,2026-10-01T20:16:55,0.2776,ALERT,0
4314,2026-10-01T20:16:55,0.2787,ALERT,0
4315,2026-10-01T20:16:55,0.2848,ALERT,0
4316,2026-10-01T20:16:55,0.2839,ALERT,0
4317,2026-10-01T20:16:55,0.2930,ALERT,0
4318,2026-10-01T20:16:56,0.2782,ALERT,0
4319,2026-10-01T20:16:56,0.2700,ALERT,0
4320,2026-10-01T20:16:56,0.2690,ALERT,0
4321,2026-10-01T20:16:56,0.2710,ALERT,0
4322,2026-10-01T20:16:56,0.2740,ALERT,0
4323,2026-10-01T20:16:56,0.2827,ALERT,0
4324,2026-10-01T20:16:56,0.2720,ALERT,0
4325,2026-10-01T20:16:56,0.2592,ALERT,0
4326,2026-10-01T20:16:56,0.1427,EYES CLOSED,0
4327,2026-10-01T20:16:56,0.1323,EYES CLOSED,0
4328,2026-10-01T20:16:56,0.1382,EYES CLOSED,0
4329,2026-10-01T20:16:56,0.1597,EYES CLOSED,0
4330,2026-10-01T20:16:56,0.2085,EYES CLOSED,0
4331,2026-10-01T20:16:56,0.2395,EYES CLOSED,0
4332,2026-10-01T20:16:56,0.2441,EYES CLOSED,0
4333,2026-10-01T20:16:56,0.2424,EYES CLOSED,0
4334,2026-10-01T20:16:56,0.2613,ALERT,0
4335,2026-10-01T20:16:56,0.2872,ALERT,0
4336,2026-10-01T20:16:56,0.2853,ALERT,0
4337,2026-10-01T20:16:56,0.2804,ALERT,0
4338,2026-10-01T20:16:56,0.2806,ALERT,0
4339,2026-10-01T20:16:56,0.2887,ALERT,0
4340,2026-10-01T20:16:56,0.2887,ALERT,0
4341,2026-10-01T20:16:56,0.2917,ALERT,0
4342,2026-10-01T20:16:56,0.2913,ALERT,0
4343,2026-10-01T20:16:56,0.2927,ALERT,0
4344,2026-10-01T20:16:56,0.3033,ALERT,0
4345,2026-10-01T20:16:56,0.3049,ALERT,0
4346,2026-10-01T20:16:56,0.3121,ALERT,0
4347,2026-10-01T20:16:56,0.3119,ALERT,0
4348,2026-10-01T20:16:56,0.3083,ALERT,0
4349,2026-10-01T20:16:57,0.3078,ALERT,0
4350,2026-10-01T20:16:57,0.3066,ALERT,0
4351,2026-10-01T20:16:57,0.3090,ALERT,0
4352,2026-10-01T20:16:57,0.3093,ALERT,0
4353,2026-10-01T20:16:57,0.3079,ALERT,0
4354,2026-10-01T20:16:57,0.3128,ALERT,0
4355,2026-10-01T20:16:57,0.3089,ALERT,0
4356,2026-10-01T20:16:57,0.3043,ALERT,0
4357,2026-10-01T20:16:57,0.3045,ALERT,0
4358,2026-10-01T20:16:57,0.2532,ALERT,0
4359,2026-10-01T20:16:57,0.1492,EYES CLOSED,0
4360,2026-10-01T20:16:57,0.1224,EYES CLOSED,0
4361,2026-10-01T20:16:57,0.1347,EYES CLOSED,0
4362,2026-10-01T20:16:57,0.1777,EYES CLOSED,0
4363,2026-10-01T20:16:57,0.2126,EYES CLOSED,0
4364,2026-10-01T20:16:57,0.2424,EYES CLOSED,0
4365,2026-10-01T20:16:57,0.2418,EYES CLOSED,0
4366,2026-10-01T20:16:57,0.2525,ALERT,0
4367,2026-10-01T20:16:57,0.2776,ALERT,0
4368,2026-10-01T20:16:57,0.2821,ALERT,0
4369,2026-10-01T20:16:57,0.2818,ALERT,0
4370,2026-10-01T20:16:57,0.2838,ALERT,0
4371,2026-10-01T20:16:57,0.2874,ALERT,0
4372,2026-10-01T20:16:57,0.2910,ALERT,0
4373,2026-10-01T20:16:57,0.2921,ALERT,0
4374,2026-10-01T20:16:57,0.2944,ALERT,0
4375,2026-10-01T20:16:57,0.2950,ALERT,0
4376,2026-10-01T20:16:58,0.2878,ALERT,0
4377,2026-10-01T20:16:58,0.2840,ALERT,0
4378,2026-10-01T20:16:58,0.2813,ALERT,0
4379,2026-10-01T20:16:58,0.2870,ALERT,0
4380,2026-10-01T20:16:58,0.2816,ALERT,0
4381,2026-10-01T20:16:58,0.2605,ALERT,0
4382,2026-10-01T20:16:58,0.2573,ALERT,0
4383,2026-10-01T20:16:58,0.2466,EYES CLOSED,0
4384,2026-10-01T20:16:58,0.2461,EYES CLOSED,0
4385,2026-10-01T20:16:58,0.2489,EYES CLOSED,0
4386,2026-10-01T20:16:58,0.2497,EYES CLOSED,0
4387,2026-10-01T20:16:58,0.2499,EYES CLOSED,0
4388,2026-10-01T20:16:58,0.2536,ALERT,0
4389,2026-10-01T20:16:58,0.2532,ALERT,0
4390,2026-10-01T20:16:58,0.2566,ALERT,0
4391,2026-10-01T20:16:58,0.2573,ALERT,0
4392,2026-10-01T20:16:58,0.2575,ALERT,0
4393,2026-10-01T20:16:58,0.2559,ALERT,0
4394,2026-10-01T20:16:58,0.2550,ALERT,0
4395,2026-10-01T20:16:58,0.2547,ALERT,0
4396,2026-10-01T20:16:58,0.2525,ALERT,0
4397,2026-10-01T20:16:58,0.2516,ALERT,0
4398,2026-10-01T20:16:58,0.2511,ALERT,0
4399,2026-10-01T20:16:58,0.2524,ALERT,0
4400,2026-10-01T20:16:58,0.2512,ALERT,0
4401,2026-10-01T20:16:59,0.2521,ALERT,0
4402,2026-10-01T20:16:59,0.2534,ALERT,0
4403,2026-10-01T20:16:59,0.2573,ALERT,0
4404,2026-10-01T20:16:59,0.2559,ALERT,0
4405,2026-10-01T20:16:59,0.2532,ALERT,0
4406,2026-10-01T20:16:59,0.2548,ALERT,0
4407,2026-10-01T20:16:59,0.2550,ALERT,0
4408,2026-10-01T20:16:59,0.2550,ALERT,0
4409,2026-10-01T20:16:59,0.2540,ALERT,0
4410,2026-10-01T20:16:59,0.2554,ALERT,0
4411,2026-10-01T20:16:59,0.2555,ALERT,0
4412,2026-10-01T20:16:59,0.2563,ALERT,0
4413,2026-10-01T20:16:59,0.2544,ALERT,0
4414,2026-10-01T20:16:59,0.2521,ALERT,0
4415,2026-10-01T20:16:59,0.2506,ALERT,0
4416,2026-10-01T20:16:59,0.2513,ALERT,0
4417,2026-10-01T20:16:59,0.2511,ALERT,0
4418,2026-10-01T20:16:59,0.2526,ALERT,0
4419,2026-10-01T20:16:59,0.2517,ALERT,0
4420,2026-10-01T20:16:59,0.2509,ALERT,0
4421,2026-10-01T20:16:59,0.2502,ALERT,0
4422,2026-10-01T20:16:59,0.2336,EYES CLOSED,0
4423,2026-10-01T20:16:59,0.2004,EYES CLOSED,0
4424,2026-10-01T20:16:59,0.1734,EYES CLOSED,0
4425,2026-10-01T20:16:59,0.1815,EYES CLOSED,0
4426,2026-10-01T20:17:00,0.1883,EYES CLOSED,0
4427,2026-10-01T20:17:00,0.1963,EYES CLOSED,0
4428,2026-10-01T20:17:00,0.1990,EYES CLOSED,0
4429,2026-10-01T20:17:00,0.1961,EYES CLOSED,0
4430,2026-10-01T20:17:00,0.1938,EYES CLOSED,0
4431,2026-10-01T20:17:00,0.1856,EYES CLOSED,0
4432,2026-10-01T20:17:00,0.1783,EYES CLOSED,0
4433,2026-10-01T20:17:00,0.1793,EYES CLOSED,0
4434,2026-10-01T20:17:00,0.2104,EYES CLOSED,0
4435,2026-10-01T20:17:00,0.2409,EYES CLOSED,0
4436,2026-10-01T20:17:00,0.2457,EYES CLOSED,0
4437,2026-10-01T20:17:00,0.2577,ALERT,0
4438,2026-10-01T20:17:00,0.2592,ALERT,0
4439,2026-10-01T20:17:00,0.2667,ALERT,0
4440,2026-10-01T20:17:00,0.2728,ALERT,0
4441,2026-10-01T20:17:00,0.2705,ALERT,0
4442,2026-10-01T20:17:00,0.2589,ALERT,0
4443,2026-10-01T20:17:00,0.2486,EYES CLOSED,0
4444,2026-10-01T20:17:00,0.2239,EYES CLOSED,0
4445,2026-10-01T20:17:00,0.1804,EYES CLOSED,0
4446,2026-10-01T20:17:00,0.1506,EYES CLOSED,0
4447,2026-10-01T20:17:00,0.1493,EYES CLOSED,0
4448,2026-10-01T20:17:00,0.1502,EYES CLOSED,0
4449,2026-10-01T20:17:00,0.1592,EYES CLOSED,0
4450,2026-10-01T20:17:00,0.1569,EYES CLOSED,0
4451,2026-10-01T20:17:00,0.1575,EYES CLOSED,0
4452,2026-10-01T20:17:00,0.1559,EYES CLOSED,0
4453,2026-10-01T20:17:00,0.1564,EYES CLOSED,0
4454,2026-10-01T20:17:00,0.1715,EYES CLOSED,0
4455,2026-10-01T20:17:00,0.1541,EYES CLOSED,0
4456,2026-10-01T20:17:00,0.1599,EYES CLOSED,0
4457,2026-10-01T20:17:00,0.1633,EYES CLOSED,0
4458,2026-10-01T20:17:00,0.1671,EYES CLOSED,0
4459,2026-10-01T20:17:01,0.1689,EYES CLOSED,0
4460,2026-10-01T20:17:01,0.1757,EYES CLOSED,0
4461,2026-10-01T20:17:01,0.1800,EYES CLOSED,0
4462,2026-10-01T20:17:01,0.1762,DROWSY,1
4463,2026-10-01T20:17:01,0.1690,DROWSY,0
4464,2026-10-01T20:17:01,0.1541,DROWSY,0
4465,2026-10-01T20:17:01,0.1669,DROWSY,0
4466,2026-10-01T20:17:01,0.1659,DROWSY,0
4467,2026-10-01T20:17:01,0.1615,DROWSY,0
4468,2026-10-01T20:17:01,0.1568,DROWSY,0
4469,2026-10-01T20:17:01,0.1639,DROWSY,0
4470,2026-10-01T20:17:01,0.1659,DROWSY,0
4471,2026-10-01T20:17:01,0.1621,DROWSY,0
4472,2026-10-01T20:17:01,0.1650,DROWSY,0
4473,2026-10-01T20:17:01,0.1625,DROWSY,0
4474,2026-10-01T20:17:01,0.1613,DROWSY,0
4475,2026-10-01T20:17:01,0.1686,DROWSY,0
4476,2026-10-01T20:17:01,0.1755,DROWSY,0
4477,2026-10-01T20:17:01,0.1722,DROWSY,0
4478,2026-10-01T20:17:01,0.1701,DROWSY,0
4479,2026-10-01T20:17:01,0.1698,DROWSY,0
4480,2026-10-01T20:17:01,0.1695,DROWSY,0
4481,2026-10-01T20:17:01,0.1716,DROWSY,0
4482,2026-10-01T20:17:01,0.1727,DROWSY,0
4483,2026-10-01T20:17:01,0.1738,DROWSY,0
4484,2026-10-01T20:17:01,0.1727,DROWSY,0
4485,2026-10-01T20:17:01,0.1723,DROWSY,0
4486,2026-10-01T20:17:01,0.1721,DROWSY,0
4487,2026-10-01T20:17:01,0.1715,DROWSY,0
4488,2026-10-01T20:17:01,0.1733,DROWSY,0
4489,2026-10-01T20:17:02,0.1622,DROWSY,0
4490,2026-10-01T20:17:02,0.0956,DROWSY,0
4491,2026-10-01T20:17:02,0.0697,DROWSY,0
4492,2026-10-01T20:17:02,0.0793,DROWSY,0
4493,2026-10-01T20:17:02,0.0820,DROWSY,0
4494,2026-10-01T20:17:02,0.0897,DROWSY,0
4495,2026-10-01T20:17:02,0.0852,DROWSY,0
4496,2026-10-01T20:17:02,0.0867,DROWSY,0
4497,2026-10-01T20:17:02,0.0887,DROWSY,0
4498,2026-10-01T20:17:02,0.0939,DROWSY,0
4499,2026-10-01T20:17:02,0.0908,DROWSY,0
4500,2026-10-01T20:17:02,0.1066,DROWSY,0
4501,2026-10-01T20:17:02,0.0919,DROWSY,0
4502,2026-10-01T20:17:02,0.0942,DROWSY,0
4503,2026-10-01T20:17:02,0.0907,DROWSY,0
4504,2026-10-01T20:17:02,0.0886,DROWSY,0
4505,2026-10-01T20:17:02,0.0855,DROWSY,0
4506,2026-10-01T20:17:02,0.0873,DROWSY,0
4507,2026-10-01T20:17:02,0.0882,DROWSY,0
4508,2026-10-01T20:17:02,0.0863,DROWSY,0
4509,2026-10-01T20:17:02,0.0731,DROWSY,0
4510,2026-10-01T20:17:02,0.0799,DROWSY,0
4511,2026-10-01T20:17:02,0.0801,DROWSY,0
4512,2026-10-01T20:17:02,0.0810,DROWSY,0
4513,2026-10-01T20:17:02,0.0863,DROWSY,0
4514,2026-10-01T20:17:02,0.0867,DROWSY,0
4515,2026-10-01T20:17:02,0.1096,DROWSY,0
4516,2026-10-01T20:17:02,0.1141,DROWSY,0
4517,2026-10-01T20:17:02,0.1405,DROWSY,0
4518,2026-10-01T20:17:02,0.1497,DROWSY,0
4519,2026-10-01T20:17:02,0.1550,DROWSY,0
4520,2026-10-01T20:17:03,0.1751,DROWSY,0
4521,2026-10-01T20:17:03,0.1786,DROWSY,0
4522,2026-10-01T20:17:03,0.1965,DROWSY,0
4523,2026-10-01T20:17:03,0.2081,DROWSY,0
4524,2026-10-01T20:17:03,0.1982,DROWSY,0
4525,2026-10-01T20:17:03,0.1487,DROWSY,0
4526,2026-10-01T20:17:03,0.1274,DROWSY,0
4527,2026-10-01T20:17:03,0.1170,DROWSY,0
4528,2026-10-01T20:17:03,0.1305,DROWSY,0
4529,2026-10-01T20:17:03,0.1332,DROWSY,0
4530,2026-10-01T20:17:03,0.1390,DROWSY,0
4531,2026-10-01T20:17:03,0.1057,DROWSY,0
4532,2026-10-01T20:17:03,0.0913,DROWSY,0
4533,2026-10-01T20:17:03,0.1661,DROWSY,0
4534,2026-10-01T20:17:03,0.1872,DROWSY,0
4535,2026-10-01T20:17:03,0.2350,DROWSY,0
4536,2026-10-01T20:17:03,0.2378,DROWSY,0
4537,2026-10-01T20:17:03,0.2449,DROWSY,0
4538,2026-10-01T20:17:03,0.2434,DROWSY,0
4539,2026-10-01T20:17:03,0.2519,ALERT,0
4540,2026-10-01T20:17:03,0.2601,ALERT,0
4541,2026-10-01T20:17:03,0.2609,ALERT,0
4542,2026-10-01T20:17:03,0.2607,ALERT,0
4543,2026-10-01T20:17:03,0.2674,ALERT,0
4544,2026-10-01T20:17:03,0.2518,ALERT,0
4545,2026-10-01T20:17:03,0.1100,EYES CLOSED,0
4546,2026-10-01T20:17:03,0.0885,EYES CLOSED,0
4547,2026-10-01T20:17:03,0.0770,EYES CLOSED,0
4548,2026-10-01T20:17:03,0.0748,EYES CLOSED,0
4549,2026-10-01T20:17:04,0.0767,EYES CLOSED,0
4550,2026-10-01T20:17:04,0.1034,EYES CLOSED,0
4551,2026-10-01T20:17:04,0.0879,EYES CLOSED,0
4552,2026-10-01T20:17:04,0.0947,EYES CLOSED,0
4553,2026-10-01T20:17:04,0.0888,EYES CLOSED,0
4554,2026-10-01T20:17:04,0.0933,EYES CLOSED,0
4555,2026-10-01T20:17:04,0.0956,EYES CLOSED,0
4556,2026-10-01T20:17:04,0.0982,EYES CLOSED,0
4557,2026-10-01T20:17:04,0.0869,EYES CLOSED,0
4558,2026-10-01T20:17:04,0.0888,EYES CLOSED,0
4559,2026-10-01T20:17:04,0.0900,EYES CLOSED,0
4560,2026-10-01T20:17:04,0.1159,EYES CLOSED,0
4561,2026-10-01T20:17:04,0.1724,EYES CLOSED,0
4562,2026-10-01T20:17:04,0.2329,EYES CLOSED,0
4563,2026-10-01T20:17:04,0.2592,ALERT,0
4564,2026-10-01T20:17:04,0.2727,ALERT,0
4565,2026-10-01T20:17:04,0.2683,ALERT,0
4566,2026-10-01T20:17:04,0.2546,ALERT,0
4567,2026-10-01T20:17:04,0.2859,ALERT,0
4568,2026-10-01T20:17:04,0.3056,ALERT,0
4569,2026-10-01T20:17:04,0.3011,ALERT,0
4570,2026-10-01T20:17:04,0.2984,ALERT,0
4571,2026-10-01T20:17:04,0.2944,ALERT,0
4572,2026-10-01T20:17:04,0.2843,ALERT,0
4573,2026-10-01T20:17:04,0.2622,ALERT,0
4574,2026-10-01T20:17:04,0.2488,EYES CLOSED,0
4575,2026-10-01T20:17:04,0.2204,EYES CLOSED,0
4576,2026-10-01T20:17:04,0.2160,EYES CLOSED,0
4577,2026-10-01T20:17:04,0.2080,EYES CLOSED,0
4578,2026-10-01T20:17:04,0.2009,EYES CLOSED,0
4579,2026-10-01T20:17:05,0.1969,EYES CLOSED,0
4580,2026-10-01T20:17:05,0.1929,EYES CLOSED,0
4581,2026-10-01T20:17:05,0.1915,EYES CLOSED,0
4582,2026-10-01T20:17:05,0.1946,EYES CLOSED,0
4583,2026-10-01T20:17:05,0.1907,EYES CLOSED,0
4584,2026-10-01T20:17:05,0.1923,EYES CLOSED,0
4585,2026-10-01T20:17:05,0.1923,EYES CLOSED,0
4586,2026-10-01T20:17:05,0.1882,EYES CLOSED,0
4587,2026-10-01T20:17:05,0.1863,EYES CLOSED,0
4588,2026-10-01T20:17:05,0.1865,EYES CLOSED,0
4589,2026-10-01T20:17:05,0.1857,EYES CLOSED,0
4590,2026-10-01T20:17:05,0.1819,EYES CLOSED,0
4591,2026-10-01T20:17:05,0.1809,EYES CLOSED,0
4592,2026-10-01T20:17:05,0.1818,EYES CLOSED,0
4593,2026-10-01T20:17:05,0.1777,DROWSY,1
4594,2026-10-01T20:17:05,0.1744,DROWSY,0
4595,2026-10-01T20:17:05,0.1750,DROWSY,0
4596,2026-10-01T20:17:05,0.1791,DROWSY,0
4597,2026-10-01T20:17:05,0.1797,DROWSY,0
4598,2026-10-01T20:17:05,0.1849,DROWSY,0
4599,2026-10-01T20:17:05,0.1826,DROWSY,0
4600,2026-10-01T20:17:05,0.1831,DROWSY,0
4601,2026-10-01T20:17:05,0.1837,DROWSY,0
4602,2026-10-01T20:17:05,0.1846,DROWSY,0
4603,2026-10-01T20:17:05,0.1866,DROWSY,0
4604,2026-10-01T20:17:05,0.1859,DROWSY,0
4605,2026-10-01T20:17:05,0.1874,DROWSY,0
4606,2026-10-01T20:17:05,0.1911,DROWSY,0
4607,2026-10-01T20:17:05,0.1930,DROWSY,0
4608,2026-10-01T20:17:06,0.1939,DROWSY,0
4609,2026-10-01T20:17:06,0.1913,DROWSY,0
4610,2026-10-01T20:17:06,0.1871,DROWSY,0
4611,2026-10-01T20:17:06,0.1857,DROWSY,0
4612,2026-10-01T20:17:06,0.1866,DROWSY,0
4613,2026-10-01T20:17:06,0.1901,DROWSY,0
4614,2026-10-01T20:17:06,0.1913,DROWSY,0
4615,2026-10-01T20:17:06,0.1931,DROWSY,0
4616,2026-10-01T20:17:06,0.1946,DROWSY,0
4617,2026-10-01T20:17:06,0.1941,DROWSY,0
4618,2026-10-01T20:17:06,0.1973,DROWSY,0
4619,2026-10-01T20:17:06,0.2005,DROWSY,0
4620,2026-10-01T20:17:06,0.2020,DROWSY,0
4621,2026-10-01T20:17:06,0.2023,DROWSY,0
4622,2026-10-01T20:17:06,0.2021,DROWSY,0
4623,2026-10-01T20:17:06,0.2101,DROWSY,0
4624,2026-10-01T20:17:06,0.2129,DROWSY,0
4625,2026-10-01T20:17:06,0.2179,DROWSY,0
4626,2026-10-01T20:17:06,0.2233,DROWSY,0
4627,2026-10-01T20:17:06,0.2310,DROWSY,0
4628,2026-10-01T20:17:06,0.2388,DROWSY,0
4629,2026-10-01T20:17:06,0.2437,DROWSY,0
4630,2026-10-01T20:17:06,0.2452,DROWSY,0
4631,2026-10-01T20:17:06,0.2450,DROWSY,0
4632,2026-10-01T20:17:06,0.2477,DROWSY,0
4633,2026-10-01T20:17:06,0.2531,ALERT,0
4634,2026-10-01T20:17:06,0.2484,EYES CLOSED,0
4635,2026-10-01T20:17:06,0.2477,EYES CLOSED,0
4636,2026-10-01T20:17:06,0.2476,EYES CLOSED,0
4637,2026-10-01T20:17:06,0.2476,EYES CLOSED,0
4638,2026-10-01T20:17:06,0.2500,ALERT,0
4639,2026-10-01T20:17:07,0.2478,EYES CLOSED,0
4640,2026-10-01T20:17:07,0.2416,EYES CLOSED,0
4641,2026-10-01T20:17:07,0.2418,EYES CLOSED,0
4642,2026-10-01T20:17:07,0.2433,EYES CLOSED,0
4643,2026-10-01T20:17:07,0.2607,ALERT,0
4644,2026-10-01T20:17:07,0.2861,ALERT,0
4645,2026-10-01T20:17:07,0.2977,ALERT,0
4646,2026-10-01T20:17:07,0.2964,ALERT,0
4647,2026-10-01T20:17:07,0.2901,ALERT,0
4648,2026-10-01T20:17:07,0.3001,ALERT,0
4649,2026-10-01T20:17:07,0.3110,ALERT,0
4650,2026-10-01T20:17:07,0.3108,ALERT,0
4651,2026-10-01T20:17:07,0.3066,ALERT,0
4652,2026-10-01T20:17:07,0.3034,ALERT,0
4653,2026-10-01T20:17:07,0.3027,ALERT,0
4654,2026-10-01T20:17:07,0.3051,ALERT,0
4655,2026-10-01T20:17:07,0.3092,ALERT,0
4656,2026-10-01T20:17:07,0.3087,ALERT,0
4657,2026-10-01T20:17:07,0.3108,ALERT,0
4658,2026-10-01T20:17:07,0.3263,ALERT,0
4659,2026-10-01T20:17:07,0.3262,ALERT,0
4660,2026-10-01T20:17:07,0.3338,ALERT,0
4661,2026-10-01T20:17:07,0.3262,ALERT,0
4662,2026-10-01T20:17:07,0.3204,ALERT,0
4663,2026-10-01T20:17:07,0.2050,EYES CLOSED,0
4664,2026-10-01T20:17:07,0.1327,EYES CLOSED,0
4665,2026-10-01T20:17:07,0.1626,EYES CLOSED,0
4666,2026-10-01T20:17:07,0.2026,EYES CLOSED,0
4667,2026-10-01T20:17:07,0.2294,EYES CLOSED,0
4668,2026-10-01T20:17:07,0.2287,EYES CLOSED,0
4669,2026-10-01T20:17:08,0.2446,EYES CLOSED,0
4670,2026-10-01T20:17:08,0.2598,ALERT,0
4671,2026-10-01T20:17:08,0.2637,ALERT,0
4672,2026-10-01T20:17:08,0.2570,ALERT,0
4673,2026-10-01T20:17:08,0.2508,ALERT,0
4674,2026-10-01T20:17:08,0.2503,ALERT,0
4675,2026-10-01T20:17:08,0.2474,EYES CLOSED,0
4676,2026-10-01T20:17:08,0.2211,EYES CLOSED,0
4677,2026-10-01T20:17:08,0.2213,EYES CLOSED,0
4678,2026-10-01T20:17:08,0.2386,EYES CLOSED,0
4679,2026-10-01T20:17:08,0.2419,EYES CLOSED,0
4680,2026-10-01T20:17:08,0.2569,ALERT,0
4681,2026-10-01T20:17:08,0.2545,ALERT,0
4682,2026-10-01T20:17:08,0.2510,ALERT,0
4683,2026-10-01T20:17:08,0.2233,EYES CLOSED,0
4684,2026-10-01T20:17:08,0.2367,EYES CLOSED,0
4685,2026-10-01T20:17:08,0.2098,EYES CLOSED,0
4686,2026-10-01T20:17:08,0.2228,EYES CLOSED,0
4687,2026-10-01T20:17:08,0.2226,EYES CLOSED,0
4688,2026-10-01T20:17:08,0.2291,EYES CLOSED,0
4689,2026-10-01T20:17:08,0.2333,EYES CLOSED,0
4690,2026-10-01T20:17:08,0.2312,EYES CLOSED,0
4691,2026-10-01T20:17:08,0.2212,EYES CLOSED,0
4692,2026-10-01T20:17:08,0.2160,EYES CLOSED,0
4693,2026-10-01T20:17:08,0.2230,EYES CLOSED,0
4694,2026-10-01T20:17:08,0.2113,EYES CLOSED,0
4695,2026-10-01T20:17:08,0.2004,EYES CLOSED,0
4696,2026-10-01T20:17:08,0.2124,EYES CLOSED,0
4697,2026-10-01T20:17:08,0.2218,EYES CLOSED,0
4698,2026-10-01T20:17:08,0.2090,EYES CLOSED,0
4699,2026-10-01T20:17:09,0.1977,EYES CLOSED,0
4700,2026-10-01T20:17:09,0.1205,EYES CLOSED,0
4701,2026-10-01T20:17:09,0.0528,EYES CLOSED,0
4702,2026-10-01T20:17:09,0.0662,DROWSY,1
4703,2026-10-01T20:17:09,0.0544,DROWSY,0
4704,2026-10-01T20:17:09,0.0857,DROWSY,0
4705,2026-10-01T20:17:09,0.0856,DROWSY,0
4706,2026-10-01T20:17:09,0.1017,DROWSY,0
4707,2026-10-01T20:17:09,0.1158,DROWSY,0
4708,2026-10-01T20:17:09,0.1426,DROWSY,0
4709,2026-10-01T20:17:09,0.1432,DROWSY,0
4710,2026-10-01T20:17:09,0.1528,DROWSY,0
4711,2026-10-01T20:17:09,0.1706,DROWSY,0
4712,2026-10-01T20:17:09,0.3305,ALERT,0
4713,2026-10-01T20:17:09,0.3999,ALERT,0
4714,2026-10-01T20:17:09,0.4271,ALERT,0
4715,2026-10-01T20:17:09,0.4415,ALERT,0
4716,2026-10-01T20:17:09,0.4385,ALERT,0
4717,2026-10-01T20:17:09,0.4270,ALERT,0
4718,2026-10-01T20:17:09,0.3143,ALERT,0
4719,2026-10-01T20:17:09,0.1963,EYES CLOSED,0
4720,2026-10-01T20:17:09,0.1939,EYES CLOSED,0
4721,2026-10-01T20:17:09,0.2433,EYES CLOSED,0
4722,2026-10-01T20:17:09,0.2542,ALERT,0
4723,2026-10-01T20:17:09,0.2458,EYES CLOSED,0
4724,2026-10-01T20:17:09,0.1183,EYES CLOSED,0
4725,2026-10-01T20:17:09,0.1182,EYES CLOSED,0
4726,2026-10-01T20:17:09,0.1315,EYES CLOSED,0
4727,2026-10-01T20:17:09,0.1591,EYES CLOSED,0
4728,2026-10-01T20:17:09,0.1807,EYES CLOSED,0
4729,2026-10-01T20:17:10,0.1785,EYES CLOSED,0
4730,2026-10-01T20:17:10,0.1991,EYES CLOSED,0
4731,2026-10-01T20:17:10,0.1956,EYES CLOSED,0
4732,2026-10-01T20:17:10,0.1907,EYES CLOSED,0
4733,2026-10-01T20:17:10,0.2137,EYES CLOSED,0
4734,2026-10-01T20:17:10,0.2289,EYES CLOSED,0
4735,2026-10-01T20:17:10,0.2417,EYES CLOSED,0
4736,2026-10-01T20:17:10,0.2506,ALERT,0
4737,2026-10-01T20:17:10,0.2618,ALERT,0
4738,2026-10-01T20:17:10,0.2616,ALERT,0
4739,2026-10-01T20:17:10,0.2676,ALERT,0
4740,2026-10-01T20:17:10,0.2588,ALERT,0
4741,2026-10-01T20:17:10,0.2572,ALERT,0
4742,2026-10-01T20:17:10,0.2573,ALERT,0
4743,2026-10-01T20:17:10,0.2551,ALERT,0
4744,2026-10-01T20:17:10,0.2648,ALERT,0
4745,2026-10-01T20:17:10,0.2704,ALERT,0
4746,2026-10-01T20:17:10,0.2851,ALERT,0
4747,2026-10-01T20:17:10,0.2841,ALERT,0
4748,2026-10-01T20:17:10,0.2848,ALERT,0
4749,2026-10-01T20:17:10,0.3025,ALERT,0
4750,2026-10-01T20:17:10,0.2977,ALERT,0
4751,2026-10-01T20:17:10,0.3000,ALERT,0
4752,2026-10-01T20:17:10,0.2637,ALERT,0
4753,2026-10-01T20:17:10,0.2502,ALERT,0
4754,2026-10-01T20:17:10,0.2367,EYES CLOSED,0
4755,2026-10-01T20:17:10,0.2533,ALERT,0
4756,2026-10-01T20:17:10,0.2518,ALERT,0
4757,2026-10-01T20:17:10,0.2465,EYES CLOSED,0
4758,2026-10-01T20:17:10,0.2500,ALERT,0
4759,2026-10-01T20:17:10,0.2424,EYES CLOSED,0
4760,2026-10-01T20:17:11,0.2355,EYES CLOSED,0
4761,2026-10-01T20:17:11,0.2406,EYES CLOSED,0
4762,2026-10-01T20:17:11,0.2202,EYES CLOSED,0
4763,2026-10-01T20:17:11,0.1935,EYES CLOSED,0
4764,2026-10-01T20:17:11,0.1710,EYES CLOSED,0
4765,2026-10-01T20:17:11,0.1603,EYES CLOSED,0
4766,2026-10-01T20:17:11,0.1538,EYES CLOSED,0
4767,2026-10-01T20:17:11,0.1737,EYES CLOSED,0
4768,2026-10-01T20:17:11,0.1784,EYES CLOSED,0
4769,2026-10-01T20:17:11,0.1890,EYES CLOSED,0
4770,2026-10-01T20:17:11,0.1779,EYES CLOSED,0
4771,2026-10-01T20:17:11,0.1894,EYES CLOSED,0
4772,2026-10-01T20:17:11,0.1921,EYES CLOSED,0
4773,2026-10-01T20:17:11,0.1950,EYES CLOSED,0
4774,2026-10-01T20:17:11,0.1977,EYES CLOSED,0
4775,2026-10-01T20:17:11,0.2200,EYES CLOSED,0
4776,2026-10-01T20:17:11,0.2363,EYES CLOSED,0
4777,2026-10-01T20:17:11,0.2438,EYES CLOSED,0
4778,2026-10-01T20:17:11,0.2409,DROWSY,1
4779,2026-10-01T20:17:11,0.2521,ALERT,0
4780,2026-10-01T20:17:11,0.2352,EYES CLOSED,0
4781,2026-10-01T20:17:11,0.2409,EYES CLOSED,0
4782,2026-10-01T20:17:11,0.2417,EYES CLOSED,0
4783,2026-10-01T20:17:11,0.2498,EYES CLOSED,0
4784,2026-10-01T20:17:11,0.2397,EYES CLOSED,0
4785,2026-10-01T20:17:11,0.2300,EYES CLOSED,0
4786,2026-10-01T20:17:11,0.2271,EYES CLOSED,0
4787,2026-10-01T20:17:11,0.2208,EYES CLOSED,0
4788,2026-10-01T20:17:11,0.2398,EYES CLOSED,0
4789,2026-10-01T20:17:12,0.2447,EYES CLOSED,0
4790,2026-10-01T20:17:12,0.2311,EYES CLOSED,0
4791,2026-10-01T20:17:12,0.2228,EYES CLOSED,0
4792,2026-10-01T20:17:12,0.2244,EYES CLOSED,0
4793,2026-10-01T20:17:12,0.2210,EYES CLOSED,0
4794,2026-10-01T20:17:12,0.2225,EYES CLOSED,0
4795,2026-10-01T20:17:12,0.2262,EYES CLOSED,0
4796,2026-10-01T20:17:12,0.2322,EYES CLOSED,0
4797,2026-10-01T20:17:12,0.2445,EYES CLOSED,0
4798,2026-10-01T20:17:12,0.2456,EYES CLOSED,0
4799,2026-10-01T20:17:12,0.2448,DROWSY,1
4800,2026-10-01T20:17:12,0.2408,DROWSY,0
4801,2026-10-01T20:17:12,0.2417,DROWSY,0
4802,2026-10-01T20:17:12,0.2403,DROWSY,0
4803,2026-10-01T20:17:12,0.2372,DROWSY,0
4804,2026-10-01T20:17:12,0.2394,DROWSY,0
4805,2026-10-01T20:17:12,0.2411,DROWSY,0
4806,2026-10-01T20:17:12,0.2394,DROWSY,0
4807,2026-10-01T20:17:12,0.2401,DROWSY,0
4808,2026-10-01T20:17:12,0.2420,DROWSY,0
4809,2026-10-01T20:17:12,0.2428,DROWSY,0
4810,2026-10-01T20:17:12,0.2475,DROWSY,0
4811,2026-10-01T20:17:12,0.2469,DROWSY,0
4812,2026-10-01T20:17:12,0.1978,DROWSY,0
4813,2026-10-01T20:17:12,0.1509,DROWSY,0
4814,2026-10-01T20:17:12,0.1269,DROWSY,0
4815,2026-10-01T20:17:12,0.1236,DROWSY,0
4816,2026-10-01T20:17:12,0.1487,DROWSY,0
4817,2026-10-01T20:17:12,0.1470,DROWSY,0
4818,2026-10-01T20:17:12,0.1547,DROWSY,0
4819,2026-10-01T20:17:13,0.1424,DROWSY,0
4820,2026-10-01T20:17:13,0.1580,DROWSY,0
4821,2026-10-01T20:17:13,0.1659,DROWSY,0
4822,2026-10-01T20:17:13,0.2082,DROWSY,0
4823,2026-10-01T20:17:13,0.2441,DROWSY,0
4824,2026-10-01T20:17:13,0.2575,ALERT,0
4825,2026-10-01T20:17:13,0.2697,ALERT,0
4826,2026-10-01T20:17:13,0.2674,ALERT,0
4827,2026-10-01T20:17:13,0.2731,ALERT,0
4828,2026-10-01T20:17:13,0.2790,ALERT,0
4829,2026-10-01T20:17:13,0.2827,ALERT,0
4830,2026-10-01T20:17:13,0.2779,ALERT,0
4831,2026-10-01T20:17:13,0.2918,ALERT,0
4832,2026-10-01T20:17:13,0.2864,ALERT,0
4833,2026-10-01T20:17:13,0.2754,ALERT,0
4834,2026-10-01T20:17:13,0.2713,ALERT,0
4835,2026-10-01T20:17:13,0.2677,ALERT,0
4836,2026-10-01T20:17:13,0.2619,ALERT,0
4837,2026-10-01T20:17:13,0.2482,EYES CLOSED,0
4838,2026-10-01T20:17:13,0.2426,EYES CLOSED,0
4839,2026-10-01T20:17:13,0.2329,EYES CLOSED,0
4840,2026-10-01T20:17:13,0.2316,EYES CLOSED,0
4841,2026-10-01T20:17:13,0.2257,EYES CLOSED,0
4842,2026-10-01T20:17:13,0.2251,EYES CLOSED,0
4843,2026-10-01T20:17:13,0.2184,EYES CLOSED,0
4844,2026-10-01T20:17:13,0.2180,EYES CLOSED,0
4845,2026-10-01T20:17:13,0.2197,EYES CLOSED,0
4846,2026-10-01T20:17:13,0.2200,EYES CLOSED,0
4847,2026-10-01T20:17:13,0.2212,EYES CLOSED,0
4848,2026-10-01T20:17:13,0.2237,EYES CLOSED,0
4849,2026-10-01T20:17:14,0.2328,EYES CLOSED,0
4850,2026-10-01T20:17:14,0.2286,EYES CLOSED,0
4851,2026-10-01T20:17:14,0.2366,EYES CLOSED,0
4852,2026-10-01T20:17:14,0.2391,EYES CLOSED,0
4853,2026-10-01T20:17:14,0.2397,EYES CLOSED,0
4854,2026-10-01T20:17:14,0.2383,EYES CLOSED,0
4855,2026-10-01T20:17:14,0.2389,EYES CLOSED,0
4856,2026-10-01T20:17:14,0.2405,DROWSY,1
4857,2026-10-01T20:17:14,0.2407,DROWSY,0
4858,2026-10-01T20:17:14,0.2404,DROWSY,0
4859,2026-10-01T20:17:14,0.2428,DROWSY,0
4860,2026-10-01T20:17:14,0.2422,DROWSY,0
4861,2026-10-01T20:17:14,0.2451,DROWSY,0
4862,2026-10-01T20:17:14,0.2499,DROWSY,0
4863,2026-10-01T20:17:14,0.2507,ALERT,0
4864,2026-10-01T20:17:14,0.2501,ALERT,0
4865,2026-10-01T20:17:14,0.2490,EYES CLOSED,0
4866,2026-10-01T20:17:14,0.2493,EYES CLOSED,0
4867,2026-10-01T20:17:14,0.2494,EYES CLOSED,0
4868,2026-10-01T20:17:14,0.2489,EYES CLOSED,0
4869,2026-10-01T20:17:14,0.2485,EYES CLOSED,0
4870,2026-10-01T20:17:14,0.2505,ALERT,0
4871,2026-10-01T20:17:14,0.2491,EYES CLOSED,0
4872,2026-10-01T20:17:14,0.2521,ALERT,0
4873,2026-10-01T20:17:14,0.2544,ALERT,0
4874,2026-10-01T20:17:14,0.2557,ALERT,0
4875,2026-10-01T20:17:14,0.2578,ALERT,0
4876,2026-10-01T20:17:14,0.2605,ALERT,0
4877,2026-10-01T20:17:14,0.2628,ALERT,0
4878,2026-10-01T20:17:14,0.2689,ALERT,0
4879,2026-10-01T20:17:14,0.2818,ALERT,0
4880,2026-10-01T20:17:15,0.2802,ALERT,0
4881,2026-10-01T20:17:15,0.2776,ALERT,0
4882,2026-10-01T20:17:15,0.2703,ALERT,0
4883,2026-10-01T20:17:15,0.2770,ALERT,0
4884,2026-10-01T20:17:15,0.2893,ALERT,0
4885,2026-10-01T20:17:15,0.2858,ALERT,0
4886,2026-10-01T20:17:15,0.2784,ALERT,0
4887,2026-10-01T20:17:15,0.2777,ALERT,0
4888,2026-10-01T20:17:15,0.2813,ALERT,0
4889,2026-10-01T20:17:15,0.2907,ALERT,0
4890,2026-10-01T20:17:15,0.2893,ALERT,0
4891,2026-10-01T20:17:15,0.2871,ALERT,0
4892,2026-10-01T20:17:15,0.2833,ALERT,0
4893,2026-10-01T20:17:15,0.2944,ALERT,0
4894,2026-10-01T20:17:15,0.2878,ALERT,0
4895,2026-10-01T20:17:15,0.2884,ALERT,0
4896,2026-10-01T20:17:15,0.2952,ALERT,0
4897,2026-10-01T20:17:15,0.2910,ALERT,0
4898,2026-10-01T20:17:15,0.2924,ALERT,0
4899,2026-10-01T20:17:15,0.2909,ALERT,0
4900,2026-10-01T20:17:15,0.2910,ALERT,0
4901,2026-10-01T20:17:15,0.2960,ALERT,0
4902,2026-10-01T20:17:15,0.3001,ALERT,0
4903,2026-10-01T20:17:15,0.3002,ALERT,0
4904,2026-10-01T20:17:15,0.2983,ALERT,0
4905,2026-10-01T20:17:15,0.2970,ALERT,0
4906,2026-10-01T20:17:15,0.2972,ALERT,0
4907,2026-10-01T20:17:15,0.3055,ALERT,0
4908,2026-10-01T20:17:15,0.3123,ALERT,0
4909,2026-10-01T20:17:15,0.3093,ALERT,0
4910,2026-10-01T20:17:16,0.3105,ALERT,0
4911,2026-10-01T20:17:16,0.3107,ALERT,0
4912,2026-10-01T20:17:16,0.3093,ALERT,0
4913,2026-10-01T20:17:16,0.3084,ALERT,0
4914,2026-10-01T20:17:16,0.3086,ALERT,0
4915,2026-10-01T20:17:16,0.3061,ALERT,0
4916,2026-10-01T20:17:16,0.3084,ALERT,0
4917,2026-10-01T20:17:16,0.3076,ALERT,0
4918,2026-10-01T20:17:16,0.3074,ALERT,0
4919,2026-10-01T20:17:16,0.3075,ALERT,0
4920,2026-10-01T20:17:16,0.3105,ALERT,0
4921,2026-10-01T20:17:16,0.3112,ALERT,0
4922,2026-10-01T20:17:16,0.3088,ALERT,0
4923,2026-10-01T20:17:16,0.3041,ALERT,0
4924,2026-10-01T20:17:16,0.3048,ALERT,0
4925,2026-10-01T20:17:16,0.3049,ALERT,0
4926,2026-10-01T20:17:16,0.3086,ALERT,0
4927,2026-10-01T20:17:16,0.3042,ALERT,0
4928,2026-10-01T20:17:16,0.2648,ALERT,0
4929,2026-10-01T20:17:16,0.2658,ALERT,0
4930,2026-10-01T20:17:16,0.2684,ALERT,0
4931,2026-10-01T20:17:16,0.2719,ALERT,0
4932,2026-10-01T20:17:16,0.2760,ALERT,0
4933,2026-10-01T20:17:16,0.2767,ALERT,0
4934,2026-10-01T20:17:16,0.2770,ALERT,0
4935,2026-10-01T20:17:16,0.2778,ALERT,0
4936,2026-10-01T20:17:16,0.2845,ALERT,0
4937,2026-10-01T20:17:16,0.2857,ALERT,0
4938,2026-10-01T20:17:16,0.2838,ALERT,0
4939,2026-10-01T20:17:16,0.2850,ALERT,0
4940,2026-10-01T20:17:17,0.2820,ALERT,0
4941,2026-10-01T20:17:17,0.2882,ALERT,0
4942,2026-10-01T20:17:17,0.2870,ALERT,0
4943,2026-10-01T20:17:17,0.2862,ALERT,0
4944,2026-10-01T20:17:17,0.2876,ALERT,0
4945,2026-10-01T20:17:17,0.2849,ALERT,0
4946,2026-10-01T20:17:17,0.2842,ALERT,0
4947,2026-10-01T20:17:17,0.2904,ALERT,0
4948,2026-10-01T20:17:17,0.2868,ALERT,0
4949,2026-10-01T20:17:17,0.2874,ALERT,0
4950,2026-10-01T20:17:17,0.2850,ALERT,0
4951,2026-10-01T20:17:17,0.2843,ALERT,0
4952,2026-10-01T20:17:17,0.2857,ALERT,0
4953,2026-10-01T20:17:17,0.2863,ALERT,0
4954,2026-10-01T20:17:17,0.2858,ALERT,0
4955,2026-10-01T20:17:17,0.2855,ALERT,0
4956,2026-10-01T20:17:17,0.2865,ALERT,0
4957,2026-10-01T20:17:17,0.2859,ALERT,0
4958,2026-10-01T20:17:17,0.2863,ALERT,0
4959,2026-10-01T20:17:17,0.2854,ALERT,0
4960,2026-10-01T20:17:17,0.2848,ALERT,0
4961,2026-10-01T20:17:17,0.2825,ALERT,0
4962,2026-10-01T20:17:17,0.2831,ALERT,0
4963,2026-10-01T20:17:17,0.2882,ALERT,0
4964,2026-10-01T20:17:17,0.2824,ALERT,0
4965,2026-10-01T20:17:17,0.2846,ALERT,0
4966,2026-10-01T20:17:17,0.2841,ALERT,0
4967,2026-10-01T20:17:17,0.2791,ALERT,0
4968,2026-10-01T20:17:17,0.2805,ALERT,0
4969,2026-10-01T20:17:18,0.2765,ALERT,0
4970,2026-10-01T20:17:18,0.2851,ALERT,0
4971,2026-10-01T20:17:18,0.2816,ALERT,0
4972,2026-10-01T20:17:18,0.2846,ALERT,0
4973,2026-10-01T20:17:18,0.2823,ALERT,0
4974,2026-10-01T20:17:18,0.2818,ALERT,0
4975,2026-10-01T20:17:18,0.2805,ALERT,0
4976,2026-10-01T20:17:18,0.2818,ALERT,0
4977,2026-10-01T20:17:18,0.2820,ALERT,0
4978,2026-10-01T20:17:18,0.2821,ALERT,0
4979,2026-10-01T20:17:18,0.2793,ALERT,0
4980,2026-10-01T20:17:18,0.2790,ALERT,0
4981,2026-10-01T20:17:18,0.2772,ALERT,0
4982,2026-10-01T20:17:18,0.2762,ALERT,0
4983,2026-10-01T20:17:18,0.2782,ALERT,0
4984,2026-10-01T20:17:18,0.2776,ALERT,0
4985,2026-10-01T20:17:18,0.2645,ALERT,0
4986,2026-10-01T20:17:18,0.1559,EYES CLOSED,0
4987,2026-10-01T20:17:18,0.0927,EYES CLOSED,0
4988,2026-10-01T20:17:18,0.1047,EYES CLOSED,0
4989,2026-10-01T20:17:18,0.1337,EYES CLOSED,0
4990,2026-10-01T20:17:18,0.1444,EYES CLOSED,0
4991,2026-10-01T20:17:18,0.1917,EYES CLOSED,0
4992,2026-10-01T20:17:18,0.2219,EYES CLOSED,0
4993,2026-10-01T20:17:19,0.2387,EYES CLOSED,0
4994,2026-10-01T20:17:19,0.2413,EYES CLOSED,0
4995,2026-10-01T20:17:19,0.2474,EYES CLOSED,0
4996,2026-10-01T20:17:19,0.2476,EYES CLOSED,0
4997,2026-10-01T20:17:19,0.2487,EYES CLOSED,0
4998,2026-10-01T20:17:19,0.2490,EYES CLOSED,0
4999,2026-10-01T20:17:19,0.2509,ALERT,0
5000,2026-10-01T20:17:19,0.2468,EYES CLOSED,0
5001,2026-10-01T20:17:19,0.2470,EYES CLOSED,0
5002,2026-10-01T20:17:19,0.2477,EYES CLOSED,0
5003,2026-10-01T20:17:19,0.2525,ALERT,0
5004,2026-10-01T20:17:19,0.2431,EYES CLOSED,0
5005,2026-10-01T20:17:19,0.2532,ALERT,0
5006,2026-10-01T20:17:19,0.2520,ALERT,0
5007,2026-10-01T20:17:19,0.2541,ALERT,0
5008,2026-10-01T20:17:19,0.2522,ALERT,0
5009,2026-10-01T20:17:19,0.2520,ALERT,0
5010,2026-10-01T20:17:19,0.2493,EYES CLOSED,0
5011,2026-10-01T20:17:19,0.2485,EYES CLOSED,0
5012,2026-10-01T20:17:19,0.2479,EYES CLOSED,0
5013,2026-10-01T20:17:19,0.2465,EYES CLOSED,0
5014,2026-10-01T20:17:19,0.2466,EYES CLOSED,0
5015,2026-10-01T20:17:19,0.2468,EYES CLOSED,0
5016,2026-10-01T20:17:20,0.2502,ALERT,0
5017,2026-10-01T20:17:20,0.2497,EYES CLOSED,0
5018,2026-10-01T20:17:20,0.2491,EYES CLOSED,0
5019,2026-10-01T20:17:20,0.2523,ALERT,0
5020,2026-10-01T20:17:20,0.2494,EYES CLOSED,0
5021,2026-10-01T20:17:20,0.2501,ALERT,0
5022,2026-10-01T20:17:20,0.2520,ALERT,0
5023,2026-10-01T20:17:20,0.2495,EYES CLOSED,0
5024,2026-10-01T20:17:20,0.2483,EYES CLOSED,0
5025,2026-10-01T20:17:20,0.2458,EYES CLOSED,0
5026,2026-10-01T20:17:20,0.2438,EYES CLOSED,0
5027,2026-10-01T20:17:20,0.2454,EYES CLOSED,0
5028,2026-10-01T20:17:20,0.2433,EYES CLOSED,0
5029,2026-10-01T20:17:20,0.2427,EYES CLOSED,0
5030,2026-10-01T20:17:20,0.2468,EYES CLOSED,0
5031,2026-10-01T20:17:20,0.2459,EYES CLOSED,0
5032,2026-10-01T20:17:20,0.2469,EYES CLOSED,0
5033,2026-10-01T20:17:20,0.2478,EYES CLOSED,0
5034,2026-10-01T20:17:20,0.2518,ALERT,0
5035,2026-10-01T20:17:20,0.2550,ALERT,0
5036,2026-10-01T20:17:20,0.2555,ALERT,0
5037,2026-10-01T20:17:20,0.2639,ALERT,0
5038,2026-10-01T20:17:20,0.2615,ALERT,0
5039,2026-10-01T20:17:20,0.2577,ALERT,0
5040,2026-10-01T20:17:20,0.2542,ALERT,0
5041,2026-10-01T20:17:21,0.2070,EYES CLOSED,0
5042,2026-10-01T20:17:21,0.1455,EYES CLOSED,0
5043,2026-10-01T20:17:21,0.1317,EYES CLOSED,0
5044,2026-10-01T20:17:21,0.1330,EYES CLOSED,0
5045,2026-10-01T20:17:21,0.1475,EYES CLOSED,0
5046,2026-10-01T20:17:21,0.1528,EYES CLOSED,0
5047,2026-10-01T20:17:21,0.1608,EYES CLOSED,0
5048,2026-10-01T20:17:21,0.1969,EYES CLOSED,0
5049,2026-10-01T20:17:21,0.2389,EYES CLOSED,0
5050,2026-10-01T20:17:21,0.2510,ALERT,0
5051,2026-10-01T20:17:21,0.2508,ALERT,0
5052,2026-10-01T20:17:21,0.2555,ALERT,0
5053,2026-10-01T20:17:21,0.2532,ALERT,0
5054,2026-10-01T20:17:21,0.2607,ALERT,0
5055,2026-10-01T20:17:21,0.2445,EYES CLOSED,0
5056,2026-10-01T20:17:21,0.2531,ALERT,0
5057,2026-10-01T20:17:21,0.2599,ALERT,0
5058,2026-10-01T20:17:21,0.2532,ALERT,0
5059,2026-10-01T20:17:21,0.2458,EYES CLOSED,0
5060,2026-10-01T20:17:21,0.1773,EYES CLOSED,0
5061,2026-10-01T20:17:21,0.1198,EYES CLOSED,0
5062,2026-10-01T20:17:21,0.1153,EYES CLOSED,0
5063,2026-10-01T20:17:21,0.1211,EYES CLOSED,0
5064,2026-10-01T20:17:21,0.1069,EYES CLOSED,0
5065,2026-10-01T20:17:21,0.1067,EYES CLOSED,0
5066,2026-10-01T20:17:21,0.1073,EYES CLOSED,0
5067,2026-10-01T20:17:21,0.0994,EYES CLOSED,0
5068,2026-10-01T20:17:21,0.0885,EYES CLOSED,0
5069,2026-10-01T20:17:21,0.0714,EYES CLOSED,0
5070,2026-10-01T20:17:21,0.0789,EYES CLOSED,0
5071,2026-10-01T20:17:22,0.0759,EYES CLOSED,0
5072,2026-10-01T20:17:22,0.0741,EYES CLOSED,0
5073,2026-10-01T20:17:22,0.0792,EYES CLOSED,0
5074,2026-10-01T20:17:22,0.0823,EYES CLOSED,0
5075,2026-10-01T20:17:22,0.0893,EYES CLOSED,0
5076,2026-10-01T20:17:22,0.0868,EYES CLOSED,0
5077,2026-10-01T20:17:22,0.0918,EYES CLOSED,0
5078,2026-10-01T20:17:22,0.0998,DROWSY,1
5079,2026-10-01T20:17:22,0.1128,DROWSY,0
5080,2026-10-01T20:17:22,0.1004,DROWSY,0
5081,2026-10-01T20:17:22,0.0762,DROWSY,0
5082,2026-10-01T20:17:22,0.0695,DROWSY,0
5083,2026-10-01T20:17:22,0.0701,DROWSY,0
5084,2026-10-01T20:17:22,0.0761,DROWSY,0
5085,2026-10-01T20:17:22,0.0702,DROWSY,0
5086,2026-10-01T20:17:22,0.0772,DROWSY,0
5087,2026-10-01T20:17:22,0.0882,DROWSY,0
5088,2026-10-01T20:17:22,0.1051,DROWSY,0
5089,2026-10-01T20:17:22,0.1099,DROWSY,0
5090,2026-10-01T20:17:22,0.1182,DROWSY,0
5091,2026-10-01T20:17:22,0.1214,DROWSY,0
5092,2026-10-01T20:17:22,0.1308,DROWSY,0
5093,2026-10-01T20:17:22,0.1306,DROWSY,0
5094,2026-10-01T20:17:22,0.1274,DROWSY,0
5095,2026-10-01T20:17:22,0.1324,DROWSY,0
5096,2026-10-01T20:17:22,0.1366,DROWSY,0
5097,2026-10-01T20:17:22,0.1381,DROWSY,0
5098,2026-10-01T20:17:22,0.1433,DROWSY,0
5099,2026-10-01T20:17:22,0.1416,DROWSY,0
5100,2026-10-01T20:17:22,0.1428,DROWSY,0
5101,2026-10-01T20:17:22,0.1428,DROWSY,0
5102,2026-10-01T20:17:23,0.1478,DROWSY,0
5103,2026-10-01T20:17:23,0.1387,DROWSY,0
5104,2026-10-01T20:17:23,0.1308,DROWSY,0
5105,2026-10-01T20:17:23,0.1290,DROWSY,0
5106,2026-10-01T20:17:23,0.1454,DROWSY,0
5107,2026-10-01T20:17:23,0.1439,DROWSY,0
5108,2026-10-01T20:17:23,0.1414,DROWSY,0
5109,2026-10-01T20:17:23,0.1412,DROWSY,0
5110,2026-10-01T20:17:23,0.1417,DROWSY,0
5111,2026-10-01T20:17:23,0.1396,DROWSY,0
5112,2026-10-01T20:17:23,0.1444,DROWSY,0
5113,2026-10-01T20:17:23,0.1580,DROWSY,0
5114,2026-10-01T20:17:23,0.1493,DROWSY,0
5115,2026-10-01T20:17:23,0.1467,DROWSY,0
5116,2026-10-01T20:17:23,0.1426,DROWSY,0
5117,2026-10-01T20:17:23,0.1359,DROWSY,0
5118,2026-10-01T20:17:23,0.1405,DROWSY,0
5119,2026-10-01T20:17:23,0.1333,DROWSY,0
5120,2026-10-01T20:17:23,0.1315,DROWSY,0
5121,2026-10-01T20:17:23,0.1496,DROWSY,0
5122,2026-10-01T20:17:23,0.1466,DROWSY,0
5123,2026-10-01T20:17:23,0.1426,DROWSY,0
5124,2026-10-01T20:17:23,0.1483,DROWSY,0
5125,2026-10-01T20:17:23,0.1663,DROWSY,0
5126,2026-10-01T20:17:23,0.2006,DROWSY,0
5127,2026-10-01T20:17:23,0.2254,DROWSY,0
5128,2026-10-01T20:17:23,0.2236,DROWSY,0
5129,2026-10-01T20:17:23,0.2319,DROWSY,0
5130,2026-10-01T20:17:23,0.2325,DROWSY,0
5131,2026-10-01T20:17:24,0.2364,DROWSY,0
5132,2026-10-01T20:17:24,0.2322,DROWSY,0
5133,2026-10-01T20:17:24,0.2369,DROWSY,0
5134,2026-10-01T20:17:24,0.2454,DROWSY,0
5135,2026-10-01T20:17:24,0.2501,ALERT,0
5136,2026-10-01T20:17:24,0.2475,EYES CLOSED,0
5137,2026-10-01T20:17:24,0.2474,EYES CLOSED,0
5138,2026-10-01T20:17:24,0.2516,ALERT,0
5139,2026-10-01T20:17:24,0.2550,ALERT,0
5140,2026-10-01T20:17:24,0.2545,ALERT,0
5141,2026-10-01T20:17:24,0.2480,EYES CLOSED,0
5142,2026-10-01T20:17:24,0.2296,EYES CLOSED,0
5143,2026-10-01T20:17:24,0.2263,EYES CLOSED,0
5144,2026-10-01T20:17:24,0.2181,EYES CLOSED,0
5145,2026-10-01T20:17:24,0.2157,EYES CLOSED,0
5146,2026-10-01T20:17:24,0.2178,EYES CLOSED,0
5147,2026-10-01T20:17:24,0.2226,EYES CLOSED,0
5148,2026-10-01T20:17:24,0.2365,EYES CLOSED,0
5149,2026-10-01T20:17:24,0.2350,EYES CLOSED,0
5150,2026-10-01T20:17:24,0.2403,EYES CLOSED,0
5151,2026-10-01T20:17:24,0.2432,EYES CLOSED,0
5152,2026-10-01T20:17:24,0.2502,ALERT,0
5153,2026-10-01T20:17:24,0.2478,EYES CLOSED,0
5154,2026-10-01T20:17:24,0.2475,EYES CLOSED,0
5155,2026-10-01T20:17:24,0.2339,EYES CLOSED,0
5156,2026-10-01T20:17:24,0.2223,EYES CLOSED,0
5157,2026-10-01T20:17:24,0.2094,EYES CLOSED,0
5158,2026-10-01T20:17:24,0.1699,EYES CLOSED,0
5159,2026-10-01T20:17:24,0.1684,EYES CLOSED,0
5160,2026-10-01T20:17:24,0.1773,EYES CLOSED,0
5161,2026-10-01T20:17:25,0.1701,EYES CLOSED,0
5162,2026-10-01T20:17:25,0.1690,EYES CLOSED,0
5163,2026-10-01T20:17:25,0.1794,EYES CLOSED,0
5164,2026-10-01T20:17:25,0.1791,EYES CLOSED,0
5165,2026-10-01T20:17:25,0.1680,EYES CLOSED,0
5166,2026-10-01T20:17:25,0.1724,EYES CLOSED,0
5167,2026-10-01T20:17:25,0.1653,EYES CLOSED,0
5168,2026-10-01T20:17:25,0.1656,EYES CLOSED,0
5169,2026-10-01T20:17:25,0.1609,EYES CLOSED,0
5170,2026-10-01T20:17:25,0.1533,EYES CLOSED,0
5171,2026-10-01T20:17:25,0.1632,EYES CLOSED,0
5172,2026-10-01T20:17:25,0.1653,DROWSY,1
5173,2026-10-01T20:17:25,0.1708,DROWSY,0
5174,2026-10-01T20:17:25,0.1674,DROWSY,0
5175,2026-10-01T20:17:25,0.1687,DROWSY,0
5176,2026-10-01T20:17:25,0.1599,DROWSY,0
5177,2026-10-01T20:17:25,0.1527,DROWSY,0
5178,2026-10-01T20:17:25,0.1590,DROWSY,0
5179,2026-10-01T20:17:25,0.1458,DROWSY,0
5180,2026-10-01T20:17:25,0.1337,DROWSY,0
5181,2026-10-01T20:17:25,0.1134,DROWSY,0
5182,2026-10-01T20:17:25,0.1014,DROWSY,0
5183,2026-10-01T20:17:25,0.1063,DROWSY,0
5184,2026-10-01T20:17:25,0.0962,DROWSY,0
5185,2026-10-01T20:17:25,0.0914,DROWSY,0
5186,2026-10-01T20:17:25,0.1024,DROWSY,0
5187,2026-10-01T20:17:25,0.0949,DROWSY,0
5188,2026-10-01T20:17:25,0.1075,DROWSY,0
5189,2026-10-01T20:17:25,0.1119,DROWSY,0
5190,2026-10-01T20:17:25,0.1119,DROWSY,0
5191,2026-10-01T20:17:26,0.1091,DROWSY,0
5192,2026-10-01T20:17:26,0.0915,DROWSY,0
5193,2026-10-01T20:17:26,0.0897,DROWSY,0
5194,2026-10-01T20:17:26,0.0876,DROWSY,0
5195,2026-10-01T20:17:26,0.0931,DROWSY,0
5196,2026-10-01T20:17:26,0.0904,DROWSY,0
5197,2026-10-01T20:17:26,0.0852,DROWSY,0
5198,2026-10-01T20:17:26,0.0814,DROWSY,0
5199,2026-10-01T20:17:26,0.0840,DROWSY,0
5200,2026-10-01T20:17:26,0.0937,DROWSY,0
5201,2026-10-01T20:17:26,0.1084,DROWSY,0
5202,2026-10-01T20:17:26,0.1094,DROWSY,0
5203,2026-10-01T20:17:26,0.1122,DROWSY,0
5204,2026-10-01T20:17:26,0.1119,DROWSY,0
5205,2026-10-01T20:17:26,0.1117,DROWSY,0
5206,2026-10-01T20:17:26,0.1244,DROWSY,0
5207,2026-10-01T20:17:26,0.1217,DROWSY,0
5208,2026-10-01T20:17:26,0.1325,DROWSY,0
5209,2026-10-01T20:17:26,0.1191,DROWSY,0
5210,2026-10-01T20:17:26,0.1187,DROWSY,0
5211,2026-10-01T20:17:26,0.1198,DROWSY,0
5212,2026-10-01T20:17:26,0.1254,DROWSY,0
5213,2026-10-01T20:17:26,0.1188,DROWSY,0
5214,2026-10-01T20:17:26,0.1171,DROWSY,0
5215,2026-10-01T20:17:26,0.1111,DROWSY,0
5216,2026-10-01T20:17:26,0.1038,DROWSY,0
5217,2026-10-01T20:17:26,0.1043,DROWSY,0
5218,2026-10-01T20:17:26,0.1083,DROWSY,0
5219,2026-10-01T20:17:26,0.1086,DROWSY,0
5220,2026-10-01T20:17:26,0.1167,DROWSY,0
5221,2026-10-01T20:17:27,0.1148,DROWSY,0
5222,2026-10-01T20:17:27,0.1112,DROWSY,0
5223,2026-10-01T20:17:27,0.1113,DROWSY,0
5224,2026-10-01T20:17:27,0.1107,DROWSY,0
5225,2026-10-01T20:17:27,0.1151,DROWSY,0
5226,2026-10-01T20:17:27,0.1100,DROWSY,0
5227,2026-10-01T20:17:27,0.1036,DROWSY,0
5228,2026-10-01T20:17:27,0.1052,DROWSY,0
5229,2026-10-01T20:17:27,0.1052,DROWSY,0
5230,2026-10-01T20:17:27,0.1031,DROWSY,0
5231,2026-10-01T20:17:27,0.1015,DROWSY,0
5232,2026-10-01T20:17:27,0.1038,DROWSY,0
5233,2026-10-01T20:17:27,0.1065,DROWSY,0
5234,2026-10-01T20:17:27,0.1069,DROWSY,0
5235,2026-10-01T20:17:27,0.1050,DROWSY,0
5236,2026-10-01T20:17:27,0.1013,DROWSY,0
5237,2026-10-01T20:17:27,0.0989,DROWSY,0
5238,2026-10-01T20:17:27,0.1022,DROWSY,0
5239,2026-10-01T20:17:27,0.0895,DROWSY,0
5240,2026-10-01T20:17:27,0.0876,DROWSY,0
5241,2026-10-01T20:17:27,0.0888,DROWSY,0
5242,2026-10-01T20:17:27,0.0863,DROWSY,0
5243,2026-10-01T20:17:27,0.0860,DROWSY,0
5244,2026-10-01T20:17:27,0.0854,DROWSY,0
5245,2026-10-01T20:17:27,0.0908,DROWSY,0
5246,2026-10-01T20:17:27,0.0964,DROWSY,0
5247,2026-10-01T20:17:27,0.0997,DROWSY,0
5248,2026-10-01T20:17:27,0.1018,DROWSY,0
5249,2026-10-01T20:17:27,0.1153,DROWSY,0
5250,2026-10-01T20:17:27,0.1180,DROWSY,0
5251,2026-10-01T20:17:28,0.1191,DROWSY,0
5252,2026-10-01T20:17:28,0.1191,DROWSY,0
5253,2026-10-01T20:17:28,0.1267,DROWSY,0
5254,2026-10-01T20:17:28,0.1265,DROWSY,0
5255,2026-10-01T20:17:28,0.1258,DROWSY,0
5256,2026-10-01T20:17:28,0.1267,DROWSY,0
5257,2026-10-01T20:17:28,0.1285,DROWSY,0
5258,2026-10-01T20:17:28,0.1262,DROWSY,0
5259,2026-10-01T20:17:28,0.1243,DROWSY,0
5260,2026-10-01T20:17:28,0.1230,DROWSY,0
5261,2026-10-01T20:17:28,0.1236,DROWSY,0
5262,2026-10-01T20:17:28,0.1270,DROWSY,0
5263,2026-10-01T20:17:28,0.1306,DROWSY,0
5264,2026-10-01T20:17:28,0.1462,DROWSY,0
5265,2026-10-01T20:17:28,0.1545,DROWSY,0
5266,2026-10-01T20:17:28,0.1617,DROWSY,0
5267,2026-10-01T20:17:28,0.1707,DROWSY,0
5268,2026-10-01T20:17:28,0.1842,DROWSY,0
5269,2026-10-01T20:17:28,0.2008,DROWSY,0
5270,2026-10-01T20:17:28,0.2189,DROWSY,0
5271,2026-10-01T20:17:28,0.2294,DROWSY,0
5272,2026-10-01T20:17:28,0.2297,DROWSY,0
5273,2026-10-01T20:17:28,0.2421,DROWSY,0
5274,2026-10-01T20:17:28,0.2302,DROWSY,0
5275,2026-10-01T20:17:28,0.2375,DROWSY,0
5276,2026-10-01T20:17:28,0.2332,DROWSY,0
5277,2026-10-01T20:17:28,0.2337,DROWSY,0
5278,2026-10-01T20:17:28,0.2344,DROWSY,0
5279,2026-10-01T20:17:28,0.2380,DROWSY,0
5280,2026-10-01T20:17:28,0.2221,DROWSY,0
5281,2026-10-01T20:17:28,0.2053,DROWSY,0
5282,2026-10-01T20:17:29,0.2147,DROWSY,0
5283,2026-10-01T20:17:29,0.2269,DROWSY,0
5284,2026-10-01T20:17:29,0.2277,DROWSY,0
5285,2026-10-01T20:17:29,0.2257,DROWSY,0
5286,2026-10-01T20:17:29,0.2259,DROWSY,0
5287,2026-10-01T20:17:29,0.2287,DROWSY,0
5288,2026-10-01T20:17:29,0.2170,DROWSY,0
5289,2026-10-01T20:17:29,0.2173,DROWSY,0
5290,2026-10-01T20:17:29,0.2229,DROWSY,0
5291,2026-10-01T20:17:29,0.2197,DROWSY,0
5292,2026-10-01T20:17:29,0.2319,DROWSY,0
5293,2026-10-01T20:17:29,0.2340,DROWSY,0
5294,2026-10-01T20:17:29,0.2438,DROWSY,0
5295,2026-10-01T20:17:29,0.2469,DROWSY,0
5296,2026-10-01T20:17:29,0.2529,ALERT,0
5297,2026-10-01T20:17:29,0.2559,ALERT,0
5298,2026-10-01T20:17:29,0.2605,ALERT,0
5299,2026-10-01T20:17:29,0.2577,ALERT,0
5300,2026-10-01T20:17:29,0.2655,ALERT,0
5301,2026-10-01T20:17:29,0.2661,ALERT,0
5302,2026-10-01T20:17:29,0.2649,ALERT,0
5303,2026-10-01T20:17:29,0.2630,ALERT,0
5304,2026-10-01T20:17:29,0.2634,ALERT,0
5305,2026-10-01T20:17:29,0.2645,ALERT,0
5306,2026-10-01T20:17:29,0.2729,ALERT,0
5307,2026-10-01T20:17:29,0.2783,ALERT,0
5308,2026-10-01T20:17:29,0.2796,ALERT,0
5309,2026-10-01T20:17:29,0.2789,ALERT,0
5310,2026-10-01T20:17:29,0.2837,ALERT,0
5311,2026-10-01T20:17:30,0.2856,ALERT,0
5312,2026-10-01T20:17:30,0.2871,ALERT,0
5313,2026-10-01T20:17:30,0.2843,ALERT,0
5314,2026-10-01T20:17:30,0.2839,ALERT,0
5315,2026-10-01T20:17:30,0.2894,ALERT,0
5316,2026-10-01T20:17:30,0.2879,ALERT,0
5317,2026-10-01T20:17:30,0.2890,ALERT,0
5318,2026-10-01T20:17:30,0.2916,ALERT,0
5319,2026-10-01T20:17:30,0.2908,ALERT,0
5320,2026-10-01T20:17:30,0.2901,ALERT,0
5321,2026-10-01T20:17:30,0.2869,ALERT,0
5322,2026-10-01T20:17:30,0.2838,ALERT,0
5323,2026-10-01T20:17:30,0.2814,ALERT,0
5324,2026-10-01T20:17:30,0.2791,ALERT,0
5325,2026-10-01T20:17:30,0.2804,ALERT,0
5326,2026-10-01T20:17:30,0.2738,ALERT,0
5327,2026-10-01T20:17:30,0.2141,EYES CLOSED,0
5328,2026-10-01T20:17:30,0.1622,EYES CLOSED,0
5329,2026-10-01T20:17:30,0.1502,EYES CLOSED,0
5330,2026-10-01T20:17:30,0.1675,EYES CLOSED,0
5331,2026-10-01T20:17:30,0.1806,EYES CLOSED,0
5332,2026-10-01T20:17:30,0.1916,EYES CLOSED,0
5333,2026-10-01T20:17:30,0.2184,EYES CLOSED,0
5334,2026-10-01T20:17:30,0.2424,EYES CLOSED,0
5335,2026-10-01T20:17:31,0.2551,ALERT,0
5336,2026-10-01T20:17:31,0.2553,ALERT,0
5337,2026-10-01T20:17:31,0.2645,ALERT,0
5338,2026-10-01T20:17:31,0.2763,ALERT,0
5339,2026-10-01T20:17:31,0.2799,ALERT,0
5340,2026-10-01T20:17:31,0.2773,ALERT,0
5341,2026-10-01T20:17:31,0.2752,ALERT,0
5342,2026-10-01T20:17:31,0.2706,ALERT,0
5343,2026-10-01T20:17:31,0.2671,ALERT,0
5344,2026-10-01T20:17:31,0.2691,ALERT,0
5345,2026-10-01T20:17:31,0.2667,ALERT,0
5346,2026-10-01T20:17:31,0.2668,ALERT,0
5347,2026-10-01T20:17:31,0.2684,ALERT,0
5348,2026-10-01T20:17:31,0.2667,ALERT,0
5349,2026-10-01T20:17:31,0.2634,ALERT,0
5350,2026-10-01T20:17:31,0.2660,ALERT,0
5351,2026-10-01T20:17:31,0.2645,ALERT,0
5352,2026-10-01T20:17:31,0.2600,ALERT,0
5353,2026-10-01T20:17:31,0.2590,ALERT,0
5354,2026-10-01T20:17:31,0.2622,ALERT,0
5355,2026-10-01T20:17:31,0.2633,ALERT,0
5356,2026-10-01T20:17:31,0.2504,ALERT,0
5357,2026-10-01T20:17:31,0.2290,EYES CLOSED,0
5358,2026-10-01T20:17:31,0.2222,EYES CLOSED,0
5359,2026-10-01T20:17:32,0.2346,EYES CLOSED,0
5360,2026-10-01T20:17:32,0.2244,EYES CLOSED,0
5361,2026-10-01T20:17:32,0.2324,EYES CLOSED,0
5362,2026-10-01T20:17:32,0.2236,EYES CLOSED,0
5363,2026-10-01T20:17:32,0.2252,EYES CLOSED,0
5364,2026-10-01T20:17:32,0.2263,EYES CLOSED,0
5365,2026-10-01T20:17:32,0.2313,EYES CLOSED,0
5366,2026-10-01T20:17:32,0.2326,EYES CLOSED,0
5367,2026-10-01T20:17:32,0.2247,EYES CLOSED,0
5368,2026-10-01T20:17:32,0.2307,EYES CLOSED,0
5369,2026-10-01T20:17:32,0.2303,EYES CLOSED,0
5370,2026-10-01T20:17:32,0.2357,EYES CLOSED,0
5371,2026-10-01T20:17:32,0.2372,EYES CLOSED,0
5372,2026-10-01T20:17:32,0.2369,EYES CLOSED,0
5373,2026-10-01T20:17:32,0.2370,EYES CLOSED,0
5374,2026-10-01T20:17:32,0.2366,EYES CLOSED,0
5375,2026-10-01T20:17:32,0.2365,EYES CLOSED,0
5376,2026-10-01T20:17:32,0.2380,DROWSY,1
5377,2026-10-01T20:17:32,0.2382,DROWSY,0
5378,2026-10-01T20:17:32,0.2383,DROWSY,0
5379,2026-10-01T20:17:32,0.2391,DROWSY,0
5380,2026-10-01T20:17:32,0.2391,DROWSY,0
5381,2026-10-01T20:17:33,0.2414,DROWSY,0
5382,2026-10-01T20:17:33,0.2405,DROWSY,0
5383,2026-10-01T20:17:33,0.2398,DROWSY,0
5384,2026-10-01T20:17:33,0.2399,DROWSY,0
5385,2026-10-01T20:17:33,0.2398,DROWSY,0
5386,2026-10-01T20:17:33,0.2391,DROWSY,0
5387,2026-10-01T20:17:33,0.2385,DROWSY,0
5388,2026-10-01T20:17:33,0.2402,DROWSY,0
5389,2026-10-01T20:17:33,0.2382,DROWSY,0
5390,2026-10-01T20:17:33,0.2417,DROWSY,0
5391,2026-10-01T20:17:33,0.2417,DROWSY,0
5392,2026-10-01T20:17:33,0.2417,DROWSY,0
5393,2026-10-01T20:17:33,0.2403,DROWSY,0
5394,2026-10-01T20:17:33,0.2391,DROWSY,0
5395,2026-10-01T20:17:33,0.2389,DROWSY,0
5396,2026-10-01T20:17:33,0.2381,DROWSY,0
5397,2026-10-01T20:17:33,0.2373,DROWSY,0
5398,2026-10-01T20:17:33,0.2378,DROWSY,0
5399,2026-10-01T20:17:33,0.2378,DROWSY,0
5400,2026-10-01T20:17:33,0.2397,DROWSY,0
5401,2026-10-01T20:17:33,0.2406,DROWSY,0
5402,2026-10-01T20:17:33,0.2420,DROWSY,0
5403,2026-10-01T20:17:33,0.2417,DROWSY,0
5404,2026-10-01T20:17:33,0.2425,DROWSY,0
5405,2026-10-01T20:17:33,0.2412,DROWSY,0
5406,2026-10-01T20:17:33,0.2555,ALERT,0
5407,2026-10-01T20:17:34,0.2505,ALERT,0
5408,2026-10-01T20:17:34,0.2532,ALERT,0
5409,2026-10-01T20:17:34,0.2540,ALERT,0
5410,2026-10-01T20:17:34,0.2600,ALERT,0
5411,2026-10-01T20:17:34,0.2583,ALERT,0
5412,2026-10-01T20:17:34,0.2587,ALERT,0
5413,2026-10-01T20:17:34,0.2591,ALERT,0
5414,2026-10-01T20:17:34,0.2630,ALERT,0
5415,2026-10-01T20:17:34,0.2527,ALERT,0
5416,2026-10-01T20:17:34,0.2421,EYES CLOSED,0
5417,2026-10-01T20:17:34,0.2253,EYES CLOSED,0
5418,2026-10-01T20:17:34,0.2243,EYES CLOSED,0
5419,2026-10-01T20:17:34,0.2163,EYES CLOSED,0
5420,2026-10-01T20:17:34,0.2124,EYES CLOSED,0
5421,2026-10-01T20:17:34,0.2053,EYES CLOSED,0
5422,2026-10-01T20:17:34,0.2045,EYES CLOSED,0
5423,2026-10-01T20:17:34,0.2069,EYES CLOSED,0
5424,2026-10-01T20:17:34,0.2054,EYES CLOSED,0
5425,2026-10-01T20:17:34,0.2182,EYES CLOSED,0
5426,2026-10-01T20:17:34,0.2115,EYES CLOSED,0
5427,2026-10-01T20:17:34,0.2122,EYES CLOSED,0
5428,2026-10-01T20:17:34,0.2307,EYES CLOSED,0
5429,2026-10-01T20:17:34,0.2375,EYES CLOSED,0
5430,2026-10-01T20:17:34,0.2460,EYES CLOSED,0
5431,2026-10-01T20:17:34,0.2599,ALERT,0
5432,2026-10-01T20:17:34,0.2592,ALERT,0
5433,2026-10-01T20:17:34,0.2230,EYES CLOSED,0
5434,2026-10-01T20:17:34,0.2127,EYES CLOSED,0
5435,2026-10-01T20:17:34,0.1775,EYES CLOSED,0
5436,2026-10-01T20:17:34,0.1898,EYES CLOSED,0
5437,2026-10-01T20:17:34,0.1930,EYES CLOSED,0
5438,2026-10-01T20:17:35,0.2042,EYES CLOSED,0
5439,2026-10-01T20:17:35,0.1988,EYES CLOSED,0
5440,2026-10-01T20:17:35,0.1969,EYES CLOSED,0
5441,2026-10-01T20:17:35,0.1957,EYES CLOSED,0
5442,2026-10-01T20:17:35,0.1671,EYES CLOSED,0
5443,2026-10-01T20:17:35,0.2029,EYES CLOSED,0
5444,2026-10-01T20:17:35,0.2210,EYES CLOSED,0
5445,2026-10-01T20:17:35,0.2166,EYES CLOSED,0
5446,2026-10-01T20:17:35,0.2054,EYES CLOSED,0
5447,2026-10-01T20:17:35,0.2157,EYES CLOSED,0
5448,2026-10-01T20:17:35,0.2182,EYES CLOSED,0
5449,2026-10-01T20:17:35,0.2108,EYES CLOSED,0
5450,2026-10-01T20:17:35,0.2011,EYES CLOSED,0
5451,2026-10-01T20:17:35,0.2153,EYES CLOSED,0
5452,2026-10-01T20:17:35,0.2257,DROWSY,1
5453,2026-10-01T20:17:35,0.2108,DROWSY,0
5454,2026-10-01T20:17:35,0.2075,DROWSY,0
5455,2026-10-01T20:17:35,0.2069,DROWSY,0
5456,2026-10-01T20:17:35,0.2097,DROWSY,0
5457,2026-10-01T20:17:35,0.2162,DROWSY,0
5458,2026-10-01T20:17:35,0.2175,DROWSY,0
5459,2026-10-01T20:17:35,0.1925,DROWSY,0
5460,2026-10-01T20:17:35,0.2021,DROWSY,0
5461,2026-10-01T20:17:35,0.2032,DROWSY,0
5462,2026-10-01T20:17:35,0.2065,DROWSY,0
5463,2026-10-01T20:17:35,0.2076,DROWSY,0
5464,2026-10-01T20:17:35,0.2020,DROWSY,0
5465,2026-10-01T20:17:35,0.1989,DROWSY,0
5466,2026-10-01T20:17:36,0.1988,DROWSY,0
5467,2026-10-01T20:17:36,0.2015,DROWSY,0
5468,2026-10-01T20:17:36,0.2042,DROWSY,0
5469,2026-10-01T20:17:36,0.2093,DROWSY,0
5470,2026-10-01T20:17:36,0.2046,DROWSY,0
5471,2026-10-01T20:17:36,0.2042,DROWSY,0
5472,2026-10-01T20:17:36,0.2151,DROWSY,0
5473,2026-10-01T20:17:36,0.2174,DROWSY,0
5474,2026-10-01T20:17:36,0.2215,DROWSY,0
5475,2026-10-01T20:17:36,0.2175,DROWSY,0
5476,2026-10-01T20:17:36,0.2143,DROWSY,0
5477,2026-10-01T20:17:36,0.2062,DROWSY,0
5478,2026-10-01T20:17:36,0.2049,DROWSY,0
5479,2026-10-01T20:17:36,0.2076,DROWSY,0
5480,2026-10-01T20:17:36,0.2153,DROWSY,0
5481,2026-10-01T20:17:36,0.2305,DROWSY,0
5482,2026-10-01T20:17:36,0.2210,DROWSY,0
5483,2026-10-01T20:17:37,0.2236,DROWSY,0
5484,2026-10-01T20:17:37,0.2252,DROWSY,0
5485,2026-10-01T20:17:37,0.2300,DROWSY,0
5486,2026-10-01T20:17:37,0.2294,DROWSY,0
5487,2026-10-01T20:17:37,0.2414,DROWSY,0
5488,2026-10-01T20:17:37,0.2379,DROWSY,0
5489,2026-10-01T20:17:37,0.1451,DROWSY,0
5490,2026-10-01T20:17:37,0.1217,DROWSY,0
5491,2026-10-01T20:17:37,0.1252,DROWSY,0
5492,2026-10-01T20:17:37,0.1231,DROWSY,0
5493,2026-10-01T20:17:37,0.1246,DROWSY,0
5494,2026-10-01T20:17:37,0.1270,DROWSY,0
5495,2026-10-01T20:17:37,0.1319,DROWSY,0
5496,2026-10-01T20:17:37,0.1376,DROWSY,0
5497,2026-10-01T20:17:37,0.1868,DROWSY,0
5498,2026-10-01T20:17:37,0.2026,DROWSY,0
5499,2026-10-01T20:17:37,0.1976,DROWSY,0
5500,2026-10-01T20:17:37,0.1961,DROWSY,0
5501,2026-10-01T20:17:37,0.2209,DROWSY,0
5502,2026-10-01T20:17:37,0.2242,DROWSY,0
5503,2026-10-01T20:17:38,0.2057,DROWSY,0
5504,2026-10-01T20:17:38,0.2108,DROWSY,0
5505,2026-10-01T20:17:38,0.2183,DROWSY,0
5506,2026-10-01T20:17:38,0.2368,DROWSY,0
5507,2026-10-01T20:17:38,0.2366,DROWSY,0
5508,2026-10-01T20:17:38,0.2447,DROWSY,0
5509,2026-10-01T20:17:38,0.2541,ALERT,0
5510,2026-10-01T20:17:38,0.2598,ALERT,0
5511,2026-10-01T20:17:38,0.2578,ALERT,0
5512,2026-10-01T20:17:38,0.2543,ALERT,0
5513,2026-10-01T20:17:38,0.2515,ALERT,0
5514,2026-10-01T20:17:38,0.2462,EYES CLOSED,0
5515,2026-10-01T20:17:38,0.2418,EYES CLOSED,0
5516,2026-10-01T20:17:38,0.2395,EYES CLOSED,0
5517,2026-10-01T20:17:38,0.1109,EYES CLOSED,0
5518,2026-10-01T20:17:38,0.1244,EYES CLOSED,0
5519,2026-10-01T20:17:38,0.1361,EYES CLOSED,0
5520,2026-10-01T20:17:38,0.1463,EYES CLOSED,0
5521,2026-10-01T20:17:38,0.1743,EYES CLOSED,0
5522,2026-10-01T20:17:38,0.1913,EYES CLOSED,0
5523,2026-10-01T20:17:38,0.1957,EYES CLOSED,0
5524,2026-10-01T20:17:39,0.2116,EYES CLOSED,0
5525,2026-10-01T20:17:39,0.2264,EYES CLOSED,0
5526,2026-10-01T20:17:39,0.2287,EYES CLOSED,0
5527,2026-10-01T20:17:39,0.2311,EYES CLOSED,0
5528,2026-10-01T20:17:39,0.2434,EYES CLOSED,0
5529,2026-10-01T20:17:39,0.2327,EYES CLOSED,0
5530,2026-10-01T20:17:39,0.2318,EYES CLOSED,0
5531,2026-10-01T20:17:39,0.2389,EYES CLOSED,0
5532,2026-10-01T20:17:39,0.2438,EYES CLOSED,0
5533,2026-10-01T20:17:39,0.2410,DROWSY,1
5534,2026-10-01T20:17:39,0.2349,DROWSY,0
5535,2026-10-01T20:17:39,0.2379,DROWSY,0
5536,2026-10-01T20:17:39,0.2436,DROWSY,0
5537,2026-10-01T20:17:39,0.2603,ALERT,0
5538,2026-10-01T20:17:39,0.2553,ALERT,0
5539,2026-10-01T20:17:39,0.2490,EYES CLOSED,0
5540,2026-10-01T20:17:39,0.2502,ALERT,0
5541,2026-10-01T20:17:39,0.2490,EYES CLOSED,0
5542,2026-10-01T20:17:39,0.2547,ALERT,0
5543,2026-10-01T20:17:39,0.2557,ALERT,0
5544,2026-10-01T20:17:39,0.2582,ALERT,0
5545,2026-10-01T20:17:40,0.2572,ALERT,0
5546,2026-10-01T20:17:40,0.2565,ALERT,0
5547,2026-10-01T20:17:40,0.2546,ALERT,0
5548,2026-10-01T20:17:40,0.2538,ALERT,0
5549,2026-10-01T20:17:40,0.2543,ALERT,0
5550,2026-10-01T20:17:40,0.2568,ALERT,0
5551,2026-10-01T20:17:40,0.2595,ALERT,0
5552,2026-10-01T20:17:40,0.2605,ALERT,0
5553,2026-10-01T20:17:40,0.1895,EYES CLOSED,0
5554,2026-10-01T20:17:40,0.1141,EYES CLOSED,0
5555,2026-10-01T20:17:40,0.0938,EYES CLOSED,0
5556,2026-10-01T20:17:40,0.1013,EYES CLOSED,0
5557,2026-10-01T20:17:40,0.1382,EYES CLOSED,0
5558,2026-10-01T20:17:40,0.1752,EYES CLOSED,0
5559,2026-10-01T20:17:40,0.2051,EYES CLOSED,0
5560,2026-10-01T20:17:40,0.2331,EYES CLOSED,0
5561,2026-10-01T20:17:40,0.2358,EYES CLOSED,0
5562,2026-10-01T20:17:40,0.2408,EYES CLOSED,0
5563,2026-10-01T20:17:40,0.2433,EYES CLOSED,0
5564,2026-10-01T20:17:40,0.2442,EYES CLOSED,0
5565,2026-10-01T20:17:41,0.2556,ALERT,0
5566,2026-10-01T20:17:41,0.2560,ALERT,0
5567,2026-10-01T20:17:41,0.2526,ALERT,0
5568,2026-10-01T20:17:41,0.1759,EYES CLOSED,0
5569,2026-10-01T20:17:41,0.1163,EYES CLOSED,0
5570,2026-10-01T20:17:41,0.0985,EYES CLOSED,0
5571,2026-10-01T20:17:41,0.0876,EYES CLOSED,0
5572,2026-10-01T20:17:41,0.0997,EYES CLOSED,0
5573,2026-10-01T20:17:41,0.1109,EYES CLOSED,0
5574,2026-10-01T20:17:41,0.1243,EYES CLOSED,0
5575,2026-10-01T20:17:41,0.1213,EYES CLOSED,0
5576,2026-10-01T20:17:41,0.1150,EYES CLOSED,0
5577,2026-10-01T20:17:41,0.1065,EYES CLOSED,0
5578,2026-10-01T20:17:41,0.1124,EYES CLOSED,0
5579,2026-10-01T20:17:41,0.1267,EYES CLOSED,0
5580,2026-10-01T20:17:41,0.1219,EYES CLOSED,0
5581,2026-10-01T20:17:41,0.1183,EYES CLOSED,0
5582,2026-10-01T20:17:41,0.1243,EYES CLOSED,0
